bash: warning: setlocale: LC_ALL: cannot change locale (en_US.UTF-8)
Starting combined fuzzer (max_seeds=0)
  MBT parity  → mbt-failures.jsonl
  Invariants   → invariant-failures.jsonl

bash: warning: setlocale: LC_ALL: cannot change locale (en_US.UTF-8)
MBT Fuzzer started: traces=50 steps=30 max_seeds=0
Failures → ../mbt-failures.jsonl

bash: warning: setlocale: LC_ALL: cannot change locale (en_US.UTF-8)
Invariant Fuzzer started: samples=10 steps=10 max_seeds=0
Failures → invariant-failures.jsonl

[1] 2026-04-03T22:33:58-07:00 seed=0x18f79c3e ... [1] 2026-04-03T22:33:58-07:00 seed=0xdf37ea6e ... PASS
[2] 2026-04-03T22:34:24-07:00 seed=0xec689851 ... PASS
[3] 2026-04-03T22:34:48-07:00 seed=0xde30a510 ... PASS
[4] 2026-04-03T22:35:10-07:00 seed=0x4e926f2a ... PASS
[5] 2026-04-03T22:35:30-07:00 seed=0xbe71aa50 ... PASS
[6] 2026-04-03T22:35:50-07:00 seed=0x0f734f52 ... 
⎯⎯⎯⎯⎯⎯ Failed Suites 1 ⎯⎯⎯⎯⎯⎯⎯

 FAIL  src/demo/fireball-battle.test.ts [ src/demo/fireball-battle.test.ts ]
Error: ENOMEM: not enough memory, open '/workspace/typescript/dnd/node_modules/.pnpm/effect@3.21.0/node_modules/effect/dist/esm/UpstreamPullRequest.js'
⎯⎯⎯⎯⎯⎯⎯⎯⎯⎯⎯⎯⎯⎯⎯⎯⎯⎯⎯⎯⎯⎯⎯⎯[1/1]⎯

FAIL (trace ?, step ?, action ?)
[7] 2026-04-03T22:36:12-07:00 seed=0x531ec7be ... PASS
[8] 2026-04-03T22:36:46-07:00 seed=0x44efb338 ... PASS
[9] 2026-04-03T22:37:15-07:00 seed=0xabcdab28 ... PASS
[10] 2026-04-03T22:37:45-07:00 seed=0xb48d7695 ... PASS
[11] 2026-04-03T22:38:16-07:00 seed=0x0b20e59d ... PASS
[12] 2026-04-03T22:38:44-07:00 seed=0x8d29a9ad ... PASS
[13] 2026-04-03T22:39:14-07:00 seed=0xbbcf66e3 ... PASS
[14] 2026-04-03T22:39:48-07:00 seed=0xb9290102 ... PASS
[15] 2026-04-03T22:40:20-07:00 seed=0x1756b235 ... PASS
[16] 2026-04-03T22:40:48-07:00 seed=0x16cd7608 ... PASS
[17] 2026-04-03T22:41:10-07:00 seed=0x5145875d ... PASS
[18] 2026-04-03T22:41:34-07:00 seed=0xd9be0441 ... 
⎯⎯⎯⎯⎯⎯⎯ Failed Tests 1 ⎯⎯⎯⎯⎯⎯⎯

 FAIL  src/machine.mbt.test.ts > DnD MBT > replays Quint traces against XState machine (L3 + L5 + L9 + L10 + L18)
StateMismatchError: State mismatch at trace 36, step 27, action "doLongRest" (seed: 0xd9be0441)
Expected: {"hp":0,"maxHp":23,"tempHp":0,"deathSavesSuccesses":0,"deathSavesFailures":1,"stable":false,"dead":false,"blinded":false,"charmed":false,"deafened":false,"exhaustion":0,"frightened":false,"grappled":false,"invisible":false,"paralyzed":false,"petrified":false,"poisoned":false,"prone":true,"restrained":false,"stunned":false,"unconscious":true,"incapacitatedSources":{},"hitDiceRemaining":{"barbarian":0,"bard":0,"cleric":0,"druid":0,"fighter":0,"monk":0,"paladin":0,"ranger":0,"rogue":0,"sorcerer":18,"warlock":0,"wizard":0},"activeEffects":[{"spellId":"spell_c","turnsRemaining":4,"expiresAt":"end","casterId":"","grantedResistances":{},"grantedVulnerabilities":{},"grantedImmunities":{}}],"movementRemaining":30,"effectiveSpeed":30,"actionsRemaining":1,"attackActionUsed":false,"bonusActionUsed":false,"reactionAvailable":true,"freeInteractionUsed":false,"extraAttacksRemaining":1,"disengaged":false,"dodging":false,"readiedAction":false,"bonusActionSpellCast":false,"nonCantripActionSpellCast":false,"bonusMovementRemaining":0,"bonusMovementOAFree":false,"actionSurgeActionPending":false,"slotExpendedThisTurn":false,"turnPhase":"outOfCombat","slotsMax":[4,3,3,3,3,1,1,1,1],"slotsCurrent":[4,3,3,3,3,1,1,1,1],"pactSlotsMax":0,"pactSlotsCurrent":0,"pactSlotLevel":0,"concentrationSpellId":"","secondWindCharges":0,"secondWindMax":0,"actionSurgeCharges":0,"actionSurgeMax":0,"actionSurgeUsedThisTurn":false,"indomitableCharges":0,"indomitableMax":0,"heroicInspiration":false,"fighterLevel":0,"barbarianLevel":0,"raging":false,"rageCharges":0,"rageMaxCharges":0,"rageTurnsRemaining":0,"attackedOrForcedSaveThisTurn":false,"rageExtendedWithBA":false,"recklessThisTurn":false,"frenzyUsedThisTurn":false,"intimidatingPresenceUsed":false,"relentlessRageTimesUsed":0,"brutalStrikeUsedThisTurn":false,"creatureKind":"PC","legendaryActionsRemaining":0,"legendaryResistancesRemaining":0,"rechargeAvailable":{},"dailyUsesRemaining":{},"monkLevel":0,"focusPoints":0,"focusMax":0,"uncannyMetabolismUsed":false,"stunningStrikeUsedThisTurn":false,"wholenessCharges":0,"wholenessMax":0,"paladinLevel":0,"layOnHandsPool":0,"layOnHandsMax":0,"paladinChannelDivinityCharges":0,"paladinChannelDivinityMax":0,"smiteFreeUsed":false,"rogueLevel":0,"sneakAttackUsedThisTurn":false,"steadyAimUsedThisTurn":false,"cunningStrikeUsesThisTurn":0,"clericLevel":0,"clericChannelDivinityCharges":0,"clericChannelDivinityMax":0,"druidLevel":0,"wildShapeCharges":0,"wildShapeMax":0,"inWildShape":false,"wildResurgenceSlotUsedThisLR":false,"sorcererLevel":18,"sorceryPoints":18,"sorceryPointsMax":18,"sorcerousRestorationUsed":true,"innateSorceryActive":false,"innateSorceryCharges":2,"innateSorceryTurnsRemaining":0,"metamagicUsedThisCast":{},"apotheosisUsedThisTurn":false,"warlockLevel":0,"mysticArcanumUsed":{},"magicalCunningUsed":false,"eldritchSmiteUsedThisTurn":false,"wizardLevel":0,"arcaneRecoveryUsed":false,"overchannelUsesThisLR":0,"rangerLevel":0,"huntersMarkFreeUses":0,"tirelessCharges":0,"tirelessMax":0,"naturesVeilCharges":0,"naturesVeilMax":0,"bardLevel":0,"bardicInspirationCharges":0,"bardicInspirationMax":0}
Actual: {"hp":0,"maxHp":23,"tempHp":0,"deathSavesSuccesses":0,"deathSavesFailures":1,"stable":false,"dead":false,"blinded":false,"charmed":false,"deafened":false,"exhaustion":0,"frightened":false,"grappled":false,"invisible":false,"paralyzed":false,"petrified":false,"poisoned":false,"prone":true,"restrained":false,"stunned":false,"unconscious":true,"incapacitatedSources":{},"hitDiceRemaining":{"barbarian":0,"bard":0,"cleric":0,"druid":0,"fighter":0,"monk":0,"paladin":0,"ranger":0,"rogue":0,"sorcerer":18,"warlock":0,"wizard":0},"activeEffects":[{"spellId":"spell_c","turnsRemaining":4,"expiresAt":"end","casterId":"","grantedResistances":{},"grantedVulnerabilities":{},"grantedImmunities":{}}],"movementRemaining":30,"effectiveSpeed":30,"actionsRemaining":1,"attackActionUsed":false,"bonusActionUsed":false,"reactionAvailable":true,"freeInteractionUsed":false,"extraAttacksRemaining":1,"disengaged":false,"dodging":false,"readiedAction":false,"bonusActionSpellCast":false,"nonCantripActionSpellCast":false,"bonusMovementRemaining":0,"bonusMovementOAFree":false,"actionSurgeActionPending":false,"slotExpendedThisTurn":false,"turnPhase":"outOfCombat","slotsMax":[4,3,3,3,3,1,1,1,1],"slotsCurrent":[4,3,3,3,3,1,1,1,1],"pactSlotsMax":0,"pactSlotsCurrent":0,"pactSlotLevel":0,"concentrationSpellId":"","creatureKind":"PC","legendaryActionsRemaining":0,"legendaryResistancesRemaining":0,"rechargeAvailable":{},"dailyUsesRemaining":{},"secondWindCharges":0,"secondWindMax":0,"actionSurgeCharges":0,"actionSurgeMax":0,"actionSurgeUsedThisTurn":false,"indomitableCharges":0,"indomitableMax":0,"heroicInspiration":false,"fighterLevel":0,"barbarianLevel":0,"raging":false,"rageCharges":0,"rageMaxCharges":0,"rageTurnsRemaining":0,"attackedOrForcedSaveThisTurn":false,"rageExtendedWithBA":false,"recklessThisTurn":false,"frenzyUsedThisTurn":false,"intimidatingPresenceUsed":false,"relentlessRageTimesUsed":0,"brutalStrikeUsedThisTurn":false,"monkLevel":0,"focusPoints":0,"focusMax":0,"uncannyMetabolismUsed":false,"stunningStrikeUsedThisTurn":false,"wholenessCharges":0,"wholenessMax":0,"paladinLevel":0,"layOnHandsPool":0,"layOnHandsMax":0,"paladinChannelDivinityCharges":0,"paladinChannelDivinityMax":0,"smiteFreeUsed":false,"rogueLevel":0,"sneakAttackUsedThisTurn":false,"steadyAimUsedThisTurn":false,"cunningStrikeUsesThisTurn":0,"clericLevel":0,"clericChannelDivinityCharges":0,"clericChannelDivinityMax":0,"druidLevel":0,"wildShapeCharges":0,"wildShapeMax":0,"inWildShape":false,"wildResurgenceSlotUsedThisLR":false,"sorcererLevel":18,"sorceryPoints":18,"sorceryPointsMax":18,"sorcerousRestorationUsed":false,"innateSorceryActive":false,"innateSorceryCharges":2,"innateSorceryTurnsRemaining":0,"metamagicUsedThisCast":{},"apotheosisUsedThisTurn":false,"warlockLevel":0,"mysticArcanumUsed":{},"magicalCunningUsed":false,"eldritchSmiteUsedThisTurn":false,"wizardLevel":0,"arcaneRecoveryUsed":false,"overchannelUsesThisLR":0,"rangerLevel":0,"huntersMarkFreeUses":0,"tirelessCharges":0,"tirelessMax":0,"naturesVeilCharges":0,"naturesVeilMax":0,"bardLevel":0,"bardicInspirationCharges":0,"bardicInspirationMax":0}

[32m- Expected[39m
[31m+ Received[39m

[33m@@ -146,11 +146,11 @@[39m
[2m      1,[22m
[2m    ],[22m
[2m    "smiteFreeUsed": false,[22m
[2m    "sneakAttackUsedThisTurn": false,[22m
[2m    "sorcererLevel": 18,[22m
[32m-   "sorcerousRestorationUsed": true,[39m
[31m+   "sorcerousRestorationUsed": false,[39m
[2m    "sorceryPoints": 18,[22m
[2m    "sorceryPointsMax": 18,[22m
[2m    "stable": false,[22m
[2m    "steadyAimUsedThisTurn": false,[22m
[2m    "stunned": false,[22m

 ❯ next ../node_modules/.pnpm/@firfi+quint-connect@0.7.3_effect@3.21.0_vitest@3.2.4_@types+node@22.19.15_jiti@2.6.1_j_9c294d493b9779903aeaa7b50aa9f3e2/node_modules/@firfi/quint-connect/src/runner/runner.ts:243:25
 ❯ body ../node_modules/.pnpm/effect@3.21.0/node_modules/effect/src/internal/fiberRuntime.ts:198:67
 ❯ internalCall ../node_modules/.pnpm/effect@3.21.0/node_modules/effect/src/Utils.ts:779:12
 ❯ Object.Iterator ../node_modules/.pnpm/effect@3.21.0/node_modules/effect/src/internal/fiberRuntime.ts:198:21
 ❯ FiberRuntime.Sync ../node_modules/.pnpm/effect@3.21.0/node_modules/effect/src/internal/fiberRuntime.ts:1169:37
 ❯ f ../node_modules/.pnpm/effect@3.21.0/node_modules/effect/src/internal/fiberRuntime.ts:1398:53
 ❯ Object.context ../node_modules/.pnpm/effect@3.21.0/node_modules/effect/src/internal/tracer.ts:101:19
 ❯ FiberRuntime.runLoop ../node_modules/.pnpm/effect@3.21.0/node_modules/effect/src/internal/fiberRuntime.ts:1384:34
 ❯ FiberRuntime.evaluateEffect ../node_modules/.pnpm/effect@3.21.0/node_modules/effect/src/internal/fiberRuntime.ts:950:27

⎯⎯⎯⎯⎯⎯⎯⎯⎯⎯⎯⎯⎯⎯⎯⎯⎯⎯⎯⎯⎯⎯⎯⎯[1/1]⎯

FAIL (trace ?, step ?, action ?)
[19] 2026-04-03T22:41:59-07:00 seed=0x52fe462f ... PASS
[20] 2026-04-03T22:42:28-07:00 seed=0x6e29e920 ... PASS
[21] 2026-04-03T22:42:52-07:00 seed=0x8e9ce36b ... PASS
[22] 2026-04-03T22:43:15-07:00 seed=0xefb96272 ... PASS
[23] 2026-04-03T22:43:39-07:00 seed=0x03e76f06 ... PASS
[24] 2026-04-03T22:44:06-07:00 seed=0x2ff72136 ... PASS
[25] 2026-04-03T22:44:38-07:00 seed=0x6554854a ... PASS
[26] 2026-04-03T22:45:08-07:00 seed=0xd221beb5 ... PASS
[27] 2026-04-03T22:45:29-07:00 seed=0xb995d187 ... PASS
[28] 2026-04-03T22:45:50-07:00 seed=0xf4936151 ... PASS
[29] 2026-04-03T22:46:13-07:00 seed=0xbeea6783 ... PASS
[30] 2026-04-03T22:46:33-07:00 seed=0xc146d8d5 ... PASS
[31] 2026-04-03T22:46:53-07:00 seed=0x5c583952 ... PASS
[32] 2026-04-03T22:47:13-07:00 seed=0x7f3a4fac ... PASS
[2] 2026-04-03T22:47:24-07:00 seed=0xd209c070 ... PASS
[33] 2026-04-03T22:47:36-07:00 seed=0xcf50786a ... PASS
[34] 2026-04-03T22:47:55-07:00 seed=0x1071f29c ... PASS
[35] 2026-04-03T22:48:17-07:00 seed=0x2b51d364 ... PASS
[36] 2026-04-03T22:48:38-07:00 seed=0x4154005b ... PASS
[37] 2026-04-03T22:49:02-07:00 seed=0xa3395ef3 ... PASS
[38] 2026-04-03T22:49:24-07:00 seed=0x4ca4d7b2 ... PASS
[39] 2026-04-03T22:49:43-07:00 seed=0x253a8726 ... 
⎯⎯⎯⎯⎯⎯⎯ Failed Tests 1 ⎯⎯⎯⎯⎯⎯⎯

 FAIL  src/machine.mbt.test.ts > DnD MBT > replays Quint traces against XState machine (L3 + L5 + L9 + L10 + L18)
StateMismatchError: State mismatch at trace 29, step 26, action "doLongRest" (seed: 0x253a8726)
Expected: {"hp":0,"maxHp":16,"tempHp":0,"deathSavesSuccesses":0,"deathSavesFailures":0,"stable":true,"dead":false,"blinded":false,"charmed":false,"deafened":false,"exhaustion":0,"frightened":false,"grappled":false,"invisible":false,"paralyzed":false,"petrified":false,"poisoned":false,"prone":true,"restrained":false,"stunned":false,"unconscious":true,"incapacitatedSources":{},"hitDiceRemaining":{"barbarian":0,"bard":0,"cleric":0,"druid":0,"fighter":0,"monk":0,"paladin":0,"ranger":0,"rogue":0,"sorcerer":9,"warlock":0,"wizard":0},"activeEffects":[{"spellId":"spell_a","turnsRemaining":9,"expiresAt":"end","casterId":"","grantedResistances":{},"grantedVulnerabilities":{},"grantedImmunities":{}}],"movementRemaining":30,"effectiveSpeed":30,"actionsRemaining":1,"attackActionUsed":false,"bonusActionUsed":false,"reactionAvailable":true,"freeInteractionUsed":false,"extraAttacksRemaining":1,"disengaged":false,"dodging":false,"readiedAction":false,"bonusActionSpellCast":false,"nonCantripActionSpellCast":false,"bonusMovementRemaining":0,"bonusMovementOAFree":false,"actionSurgeActionPending":false,"slotExpendedThisTurn":false,"turnPhase":"outOfCombat","slotsMax":[4,3,3,3,1,0,0,0,0],"slotsCurrent":[4,3,3,3,1,0,0,0,0],"pactSlotsMax":0,"pactSlotsCurrent":0,"pactSlotLevel":0,"concentrationSpellId":"","secondWindCharges":0,"secondWindMax":0,"actionSurgeCharges":0,"actionSurgeMax":0,"actionSurgeUsedThisTurn":false,"indomitableCharges":0,"indomitableMax":0,"heroicInspiration":false,"fighterLevel":0,"barbarianLevel":0,"raging":false,"rageCharges":0,"rageMaxCharges":0,"rageTurnsRemaining":0,"attackedOrForcedSaveThisTurn":false,"rageExtendedWithBA":false,"recklessThisTurn":false,"frenzyUsedThisTurn":false,"intimidatingPresenceUsed":false,"relentlessRageTimesUsed":0,"brutalStrikeUsedThisTurn":false,"creatureKind":"PC","legendaryActionsRemaining":0,"legendaryResistancesRemaining":0,"rechargeAvailable":{},"dailyUsesRemaining":{},"monkLevel":0,"focusPoints":0,"focusMax":0,"uncannyMetabolismUsed":false,"stunningStrikeUsedThisTurn":false,"wholenessCharges":0,"wholenessMax":0,"paladinLevel":0,"layOnHandsPool":0,"layOnHandsMax":0,"paladinChannelDivinityCharges":0,"paladinChannelDivinityMax":0,"smiteFreeUsed":false,"rogueLevel":0,"sneakAttackUsedThisTurn":false,"steadyAimUsedThisTurn":false,"cunningStrikeUsesThisTurn":0,"clericLevel":0,"clericChannelDivinityCharges":0,"clericChannelDivinityMax":0,"druidLevel":0,"wildShapeCharges":0,"wildShapeMax":0,"inWildShape":false,"wildResurgenceSlotUsedThisLR":false,"sorcererLevel":9,"sorceryPoints":9,"sorceryPointsMax":9,"sorcerousRestorationUsed":true,"innateSorceryActive":false,"innateSorceryCharges":2,"innateSorceryTurnsRemaining":0,"metamagicUsedThisCast":{},"apotheosisUsedThisTurn":false,"warlockLevel":0,"mysticArcanumUsed":{},"magicalCunningUsed":false,"eldritchSmiteUsedThisTurn":false,"wizardLevel":0,"arcaneRecoveryUsed":false,"overchannelUsesThisLR":0,"rangerLevel":0,"huntersMarkFreeUses":0,"tirelessCharges":0,"tirelessMax":0,"naturesVeilCharges":0,"naturesVeilMax":0,"bardLevel":0,"bardicInspirationCharges":0,"bardicInspirationMax":0}
Actual: {"hp":0,"maxHp":16,"tempHp":0,"deathSavesSuccesses":0,"deathSavesFailures":0,"stable":true,"dead":false,"blinded":false,"charmed":false,"deafened":false,"exhaustion":0,"frightened":false,"grappled":false,"invisible":false,"paralyzed":false,"petrified":false,"poisoned":false,"prone":true,"restrained":false,"stunned":false,"unconscious":true,"incapacitatedSources":{},"hitDiceRemaining":{"barbarian":0,"bard":0,"cleric":0,"druid":0,"fighter":0,"monk":0,"paladin":0,"ranger":0,"rogue":0,"sorcerer":9,"warlock":0,"wizard":0},"activeEffects":[{"spellId":"spell_a","turnsRemaining":9,"expiresAt":"end","casterId":"","grantedResistances":{},"grantedVulnerabilities":{},"grantedImmunities":{}}],"movementRemaining":30,"effectiveSpeed":30,"actionsRemaining":1,"attackActionUsed":false,"bonusActionUsed":false,"reactionAvailable":true,"freeInteractionUsed":false,"extraAttacksRemaining":1,"disengaged":false,"dodging":false,"readiedAction":false,"bonusActionSpellCast":false,"nonCantripActionSpellCast":false,"bonusMovementRemaining":0,"bonusMovementOAFree":false,"actionSurgeActionPending":false,"slotExpendedThisTurn":false,"turnPhase":"outOfCombat","slotsMax":[4,3,3,3,1,0,0,0,0],"slotsCurrent":[4,3,3,3,1,0,0,0,0],"pactSlotsMax":0,"pactSlotsCurrent":0,"pactSlotLevel":0,"concentrationSpellId":"","creatureKind":"PC","legendaryActionsRemaining":0,"legendaryResistancesRemaining":0,"rechargeAvailable":{},"dailyUsesRemaining":{},"secondWindCharges":0,"secondWindMax":0,"actionSurgeCharges":0,"actionSurgeMax":0,"actionSurgeUsedThisTurn":false,"indomitableCharges":0,"indomitableMax":0,"heroicInspiration":false,"fighterLevel":0,"barbarianLevel":0,"raging":false,"rageCharges":0,"rageMaxCharges":0,"rageTurnsRemaining":0,"attackedOrForcedSaveThisTurn":false,"rageExtendedWithBA":false,"recklessThisTurn":false,"frenzyUsedThisTurn":false,"intimidatingPresenceUsed":false,"relentlessRageTimesUsed":0,"brutalStrikeUsedThisTurn":false,"monkLevel":0,"focusPoints":0,"focusMax":0,"uncannyMetabolismUsed":false,"stunningStrikeUsedThisTurn":false,"wholenessCharges":0,"wholenessMax":0,"paladinLevel":0,"layOnHandsPool":0,"layOnHandsMax":0,"paladinChannelDivinityCharges":0,"paladinChannelDivinityMax":0,"smiteFreeUsed":false,"rogueLevel":0,"sneakAttackUsedThisTurn":false,"steadyAimUsedThisTurn":false,"cunningStrikeUsesThisTurn":0,"clericLevel":0,"clericChannelDivinityCharges":0,"clericChannelDivinityMax":0,"druidLevel":0,"wildShapeCharges":0,"wildShapeMax":0,"inWildShape":false,"wildResurgenceSlotUsedThisLR":false,"sorcererLevel":9,"sorceryPoints":9,"sorceryPointsMax":9,"sorcerousRestorationUsed":false,"innateSorceryActive":false,"innateSorceryCharges":2,"innateSorceryTurnsRemaining":0,"metamagicUsedThisCast":{},"apotheosisUsedThisTurn":false,"warlockLevel":0,"mysticArcanumUsed":{},"magicalCunningUsed":false,"eldritchSmiteUsedThisTurn":false,"wizardLevel":0,"arcaneRecoveryUsed":false,"overchannelUsesThisLR":0,"rangerLevel":0,"huntersMarkFreeUses":0,"tirelessCharges":0,"tirelessMax":0,"naturesVeilCharges":0,"naturesVeilMax":0,"bardLevel":0,"bardicInspirationCharges":0,"bardicInspirationMax":0}

[32m- Expected[39m
[31m+ Received[39m

[33m@@ -146,11 +146,11 @@[39m
[2m      0,[22m
[2m    ],[22m
[2m    "smiteFreeUsed": false,[22m
[2m    "sneakAttackUsedThisTurn": false,[22m
[2m    "sorcererLevel": 9,[22m
[32m-   "sorcerousRestorationUsed": true,[39m
[31m+   "sorcerousRestorationUsed": false,[39m
[2m    "sorceryPoints": 9,[22m
[2m    "sorceryPointsMax": 9,[22m
[2m    "stable": true,[22m
[2m    "steadyAimUsedThisTurn": false,[22m
[2m    "stunned": false,[22m

 ❯ next ../node_modules/.pnpm/@firfi+quint-connect@0.7.3_effect@3.21.0_vitest@3.2.4_@types+node@22.19.15_jiti@2.6.1_j_9c294d493b9779903aeaa7b50aa9f3e2/node_modules/@firfi/quint-connect/src/runner/runner.ts:243:25
 ❯ body ../node_modules/.pnpm/effect@3.21.0/node_modules/effect/src/internal/fiberRuntime.ts:198:67
 ❯ internalCall ../node_modules/.pnpm/effect@3.21.0/node_modules/effect/src/Utils.ts:779:12
 ❯ Object.Iterator ../node_modules/.pnpm/effect@3.21.0/node_modules/effect/src/internal/fiberRuntime.ts:198:21
 ❯ FiberRuntime.Sync ../node_modules/.pnpm/effect@3.21.0/node_modules/effect/src/internal/fiberRuntime.ts:1169:37
 ❯ f ../node_modules/.pnpm/effect@3.21.0/node_modules/effect/src/internal/fiberRuntime.ts:1398:53
 ❯ Object.context ../node_modules/.pnpm/effect@3.21.0/node_modules/effect/src/internal/tracer.ts:101:19
 ❯ FiberRuntime.runLoop ../node_modules/.pnpm/effect@3.21.0/node_modules/effect/src/internal/fiberRuntime.ts:1384:34
 ❯ FiberRuntime.evaluateEffect ../node_modules/.pnpm/effect@3.21.0/node_modules/effect/src/internal/fiberRuntime.ts:950:27

⎯⎯⎯⎯⎯⎯⎯⎯⎯⎯⎯⎯⎯⎯⎯⎯⎯⎯⎯⎯⎯⎯⎯⎯[1/1]⎯

FAIL (trace ?, step ?, action ?)
[40] 2026-04-03T22:50:06-07:00 seed=0x760c821a ... PASS
[41] 2026-04-03T22:50:32-07:00 seed=0xe483365e ... PASS
[42] 2026-04-03T22:51:09-07:00 seed=0x601089e1 ... PASS
[43] 2026-04-03T22:51:38-07:00 seed=0x3065b885 ... 
⎯⎯⎯⎯⎯⎯ Failed Suites 1 ⎯⎯⎯⎯⎯⎯⎯

 FAIL  src/machine.mbt.test.ts [ src/machine.mbt.test.ts ]
Error: ENOMEM: not enough memory, open '/workspace/typescript/dnd/node_modules/.pnpm/fast-check@3.23.2/node_modules/fast-check/lib/esm/arbitrary/fullUnicodeString.js'
⎯⎯⎯⎯⎯⎯⎯⎯⎯⎯⎯⎯⎯⎯⎯⎯⎯⎯⎯⎯⎯⎯⎯⎯[1/1]⎯

FAIL (trace ?, step ?, action ?)
[44] 2026-04-03T22:51:45-07:00 seed=0x4936ce08 ... PASS
[45] 2026-04-03T22:52:08-07:00 seed=0x17760a03 ... PASS
[46] 2026-04-03T22:52:36-07:00 seed=0x67a541e9 ... PASS
[47] 2026-04-03T22:53:00-07:00 seed=0x02b91299 ... PASS
[48] 2026-04-03T22:53:31-07:00 seed=0x58e6414f ... PASS
[49] 2026-04-03T22:54:06-07:00 seed=0x2242aaac ... PASS
[50] 2026-04-03T22:54:52-07:00 seed=0x92d42c90 ... PASS
[51] 2026-04-03T22:55:28-07:00 seed=0x656db6ff ... PASS
[52] 2026-04-03T22:56:06-07:00 seed=0x469aab7b ... 
⎯⎯⎯⎯⎯⎯ Failed Suites 1 ⎯⎯⎯⎯⎯⎯⎯

 FAIL  src/features/useFeatures.test.tsx [ src/features/useFeatures.test.tsx ]
Error: EBADF: bad file descriptor, open '/workspace/typescript/dnd/node_modules/.pnpm/effect@3.21.0/node_modules/effect/dist/esm/internal/data.js'
⎯⎯⎯⎯⎯⎯⎯⎯⎯⎯⎯⎯⎯⎯⎯⎯⎯⎯⎯⎯⎯⎯⎯⎯[1/1]⎯

FAIL (trace ?, step ?, action ?)
[53] 2026-04-03T22:56:48-07:00 seed=0x00080218 ... PASS
[54] 2026-04-03T22:57:24-07:00 seed=0xd7d628ec ... PASS
[55] 2026-04-03T22:58:01-07:00 seed=0xb2d9c947 ... PASS
[56] 2026-04-03T22:58:43-07:00 seed=0x955cb359 ... PASS
[57] 2026-04-03T22:59:16-07:00 seed=0x0deeb6e1 ... PASS
[58] 2026-04-03T22:59:41-07:00 seed=0x2a5efc06 ... PASS
[59] 2026-04-03T23:00:07-07:00 seed=0x5cfbee9d ... PASS
[60] 2026-04-03T23:00:38-07:00 seed=0xdba790a6 ... PASS
[61] 2026-04-03T23:01:07-07:00 seed=0x77c970fe ... PASS
[62] 2026-04-03T23:01:35-07:00 seed=0xf8e9244e ... PASS
[63] 2026-04-03T23:01:54-07:00 seed=0x104a89be ... PASS
[64] 2026-04-03T23:02:15-07:00 seed=0x204f84f2 ... PASS
[65] 2026-04-03T23:02:37-07:00 seed=0x5fcb694a ... PASS
[66] 2026-04-03T23:03:00-07:00 seed=0xd308dfcf ... PASS
[67] 2026-04-03T23:03:30-07:00 seed=0x164f9fb7 ... PASS
[3] 2026-04-03T23:03:36-07:00 seed=0x740ec604 ... PASS
[68] 2026-04-03T23:03:51-07:00 seed=0x660e1991 ... PASS
[69] 2026-04-03T23:04:12-07:00 seed=0xa04c27c0 ... PASS
[70] 2026-04-03T23:04:35-07:00 seed=0x2a4986b7 ... PASS
[71] 2026-04-03T23:04:56-07:00 seed=0x50a643f1 ... PASS
[72] 2026-04-03T23:05:24-07:00 seed=0x6870523e ... PASS
[73] 2026-04-03T23:05:48-07:00 seed=0x38fb3353 ... PASS
[74] 2026-04-03T23:06:14-07:00 seed=0x890f834d ... PASS
[75] 2026-04-03T23:06:36-07:00 seed=0x1b2dab6f ... PASS
[76] 2026-04-03T23:06:56-07:00 seed=0x408ef5c8 ... PASS
[77] 2026-04-03T23:07:19-07:00 seed=0x6e68f27f ... PASS
[78] 2026-04-03T23:07:38-07:00 seed=0x24205a22 ... PASS
[79] 2026-04-03T23:07:59-07:00 seed=0xfcf1cbd7 ... PASS
[80] 2026-04-03T23:08:19-07:00 seed=0xf3b9a2ed ... PASS
[81] 2026-04-03T23:08:39-07:00 seed=0x82e288bb ... PASS
[82] 2026-04-03T23:08:58-07:00 seed=0x5a5499f2 ... PASS
[83] 2026-04-03T23:09:20-07:00 seed=0x9f396de4 ... PASS
[84] 2026-04-03T23:09:42-07:00 seed=0x28cacb5c ... PASS
[85] 2026-04-03T23:10:06-07:00 seed=0xbff47b7c ... PASS
[86] 2026-04-03T23:10:35-07:00 seed=0x8c777150 ... PASS
[87] 2026-04-03T23:11:02-07:00 seed=0x2e4aba82 ... PASS
[88] 2026-04-03T23:11:25-07:00 seed=0x8e1eca22 ... PASS
[89] 2026-04-03T23:11:48-07:00 seed=0x8211607a ... PASS
[90] 2026-04-03T23:12:15-07:00 seed=0x531e78a4 ... PASS
[91] 2026-04-03T23:12:42-07:00 seed=0x7114fc75 ... PASS
[4] 2026-04-03T23:12:51-07:00 seed=0xf587fed9 ... PASS
[92] 2026-04-03T23:13:04-07:00 seed=0x9edc17fe ... PASS
[93] 2026-04-03T23:13:26-07:00 seed=0x3f00dde6 ... PASS
[94] 2026-04-03T23:13:47-07:00 seed=0x3a3c51b7 ... PASS
[95] 2026-04-03T23:14:08-07:00 seed=0x37018c9c ... PASS
[96] 2026-04-03T23:14:29-07:00 seed=0x465cc5a5 ... PASS
[97] 2026-04-03T23:14:49-07:00 seed=0xea65fed3 ... PASS
[98] 2026-04-03T23:15:08-07:00 seed=0xa8a01b1b ... PASS
[99] 2026-04-03T23:15:27-07:00 seed=0x4aa685c0 ... PASS
[100] 2026-04-03T23:15:46-07:00 seed=0xef3fcc6e ... PASS
[101] 2026-04-03T23:16:04-07:00 seed=0x85f720db ... PASS
[102] 2026-04-03T23:16:24-07:00 seed=0xd5ef9b0c ... PASS
[103] 2026-04-03T23:16:45-07:00 seed=0x21b3d90e ... PASS
[104] 2026-04-03T23:17:07-07:00 seed=0xcddffc8a ... PASS
[105] 2026-04-03T23:17:28-07:00 seed=0xc4fef34a ... PASS
[106] 2026-04-03T23:17:46-07:00 seed=0xcada3aad ... PASS
[107] 2026-04-03T23:18:05-07:00 seed=0xcf58c41b ... PASS
[108] 2026-04-03T23:18:24-07:00 seed=0x15d79c5b ... PASS
[109] 2026-04-03T23:18:44-07:00 seed=0xc8d029ae ... PASS
[110] 2026-04-03T23:19:06-07:00 seed=0xeaadf334 ... PASS
[111] 2026-04-03T23:19:25-07:00 seed=0x48c12b8e ... PASS
[112] 2026-04-03T23:19:43-07:00 seed=0x453fd971 ... PASS
[113] 2026-04-03T23:20:01-07:00 seed=0x8805250e ... PASS
[114] 2026-04-03T23:20:21-07:00 seed=0x195e251a ... PASS
[115] 2026-04-03T23:20:38-07:00 seed=0x6e96327f ... PASS
[116] 2026-04-03T23:20:57-07:00 seed=0x96eee686 ... PASS
[117] 2026-04-03T23:21:16-07:00 seed=0x8dd30634 ... PASS
[118] 2026-04-03T23:21:33-07:00 seed=0x25684a31 ... PASS
[5] 2026-04-03T23:21:46-07:00 seed=0xa52a42d9 ... PASS
[119] 2026-04-03T23:21:51-07:00 seed=0x6b4bd320 ... PASS
[120] 2026-04-03T23:22:10-07:00 seed=0xe39aac06 ... PASS
[121] 2026-04-03T23:22:28-07:00 seed=0x92b5eda1 ... PASS
[122] 2026-04-03T23:22:45-07:00 seed=0x899f384d ... PASS
[123] 2026-04-03T23:23:02-07:00 seed=0xd173c4ab ... PASS
[124] 2026-04-03T23:23:20-07:00 seed=0x2b846563 ... PASS
[125] 2026-04-03T23:23:39-07:00 seed=0x6dba736d ... PASS
[126] 2026-04-03T23:23:56-07:00 seed=0x3a015f02 ... PASS
[127] 2026-04-03T23:24:13-07:00 seed=0xba32ad57 ... PASS
[128] 2026-04-03T23:24:31-07:00 seed=0x5248f9e2 ... PASS
[129] 2026-04-03T23:24:50-07:00 seed=0x8c65f9a7 ... PASS
[130] 2026-04-03T23:25:07-07:00 seed=0x175af37a ... PASS
[131] 2026-04-03T23:25:25-07:00 seed=0x8f3b1496 ... PASS
[132] 2026-04-03T23:25:42-07:00 seed=0x0ba20f5b ... PASS
[133] 2026-04-03T23:26:01-07:00 seed=0x54c72fe9 ... PASS
[134] 2026-04-03T23:26:19-07:00 seed=0x87c60211 ... PASS
[135] 2026-04-03T23:26:36-07:00 seed=0x3df9fc94 ... PASS
[136] 2026-04-03T23:26:53-07:00 seed=0x21e8a9ec ... PASS
[137] 2026-04-03T23:27:11-07:00 seed=0xc7c4b32c ... PASS
[138] 2026-04-03T23:27:29-07:00 seed=0xe08d4bbb ... PASS
[139] 2026-04-03T23:27:46-07:00 seed=0x3dd7a9b5 ... PASS
[140] 2026-04-03T23:28:04-07:00 seed=0xf18d4f9d ... PASS
[141] 2026-04-03T23:28:22-07:00 seed=0x8fca2dbb ... PASS
[142] 2026-04-03T23:28:39-07:00 seed=0xad1493ea ... PASS
[143] 2026-04-03T23:28:56-07:00 seed=0x230891f0 ... PASS
[144] 2026-04-03T23:29:14-07:00 seed=0xc0922e56 ... PASS
[145] 2026-04-03T23:29:33-07:00 seed=0x4e31fe89 ... PASS
[146] 2026-04-03T23:29:50-07:00 seed=0x2e3e4104 ... PASS
[147] 2026-04-03T23:30:07-07:00 seed=0xe610a102 ... PASS
[148] 2026-04-03T23:30:25-07:00 seed=0x06b61b3f ... PASS
[149] 2026-04-03T23:30:42-07:00 seed=0xdc66cc23 ... PASS
[150] 2026-04-03T23:31:01-07:00 seed=0xf1dff705 ... PASS
[151] 2026-04-03T23:31:20-07:00 seed=0x8188556a ... PASS
[152] 2026-04-03T23:31:38-07:00 seed=0x30a4fc2c ... PASS
[153] 2026-04-03T23:31:56-07:00 seed=0xe2959e1b ... PASS
[154] 2026-04-03T23:32:14-07:00 seed=0xd0b0be11 ... PASS
[155] 2026-04-03T23:32:32-07:00 seed=0x430e9c18 ... PASS
[156] 2026-04-03T23:32:50-07:00 seed=0xa2cecd90 ... PASS
[157] 2026-04-03T23:33:09-07:00 seed=0x3d7f1c50 ... PASS
[158] 2026-04-03T23:33:26-07:00 seed=0xfa789b3c ... PASS
[159] 2026-04-03T23:33:44-07:00 seed=0x1c76f9a7 ... PASS
[160] 2026-04-03T23:34:02-07:00 seed=0xc890c67e ... PASS
[161] 2026-04-03T23:34:22-07:00 seed=0x0c0c4af3 ... PASS
[162] 2026-04-03T23:34:40-07:00 seed=0xf384fe94 ... PASS
[6] 2026-04-03T23:34:52-07:00 seed=0x1f9454ef ... PASS
[163] 2026-04-03T23:34:58-07:00 seed=0x6238efde ... PASS
[164] 2026-04-03T23:35:16-07:00 seed=0xf27088e2 ... PASS
[165] 2026-04-03T23:35:35-07:00 seed=0x90841352 ... PASS
[166] 2026-04-03T23:35:53-07:00 seed=0xc4929674 ... PASS
[167] 2026-04-03T23:36:11-07:00 seed=0x13ae2819 ... PASS
[168] 2026-04-03T23:36:28-07:00 seed=0xc42bc8db ... PASS
[169] 2026-04-03T23:36:46-07:00 seed=0x0d1303e2 ... PASS
[170] 2026-04-03T23:37:04-07:00 seed=0xf64b793a ... PASS
[171] 2026-04-03T23:37:22-07:00 seed=0x55752cd9 ... PASS
[172] 2026-04-03T23:37:40-07:00 seed=0xe9f10144 ... PASS
[173] 2026-04-03T23:37:58-07:00 seed=0xeeb0558b ... PASS
[174] 2026-04-03T23:38:16-07:00 seed=0xd01bdda6 ... PASS
[175] 2026-04-03T23:38:34-07:00 seed=0x981479ea ... PASS
[176] 2026-04-03T23:38:51-07:00 seed=0x3a6df404 ... PASS
[177] 2026-04-03T23:39:10-07:00 seed=0x7a75d49f ... PASS
[178] 2026-04-03T23:39:27-07:00 seed=0x141607ae ... PASS
[179] 2026-04-03T23:39:43-07:00 seed=0x299a8d08 ... PASS
[180] 2026-04-03T23:39:58-07:00 seed=0x3c3af337 ... PASS
[181] 2026-04-03T23:40:15-07:00 seed=0xea5a337d ... PASS
[182] 2026-04-03T23:40:31-07:00 seed=0x4a7d7050 ... PASS
[183] 2026-04-03T23:40:47-07:00 seed=0x52b97a88 ... PASS
[184] 2026-04-03T23:41:02-07:00 seed=0x569e6349 ... PASS
[185] 2026-04-03T23:41:18-07:00 seed=0xe476480f ... PASS
[186] 2026-04-03T23:41:34-07:00 seed=0x8e7a9407 ... PASS
[187] 2026-04-03T23:41:50-07:00 seed=0x3f56845e ... PASS
[188] 2026-04-03T23:42:05-07:00 seed=0x52089dc8 ... PASS
[189] 2026-04-03T23:42:22-07:00 seed=0x4c5ef6f2 ... PASS
[190] 2026-04-03T23:42:38-07:00 seed=0x222460c3 ... PASS
[191] 2026-04-03T23:42:54-07:00 seed=0x36fd07dd ... PASS
[7] 2026-04-03T23:42:59-07:00 seed=0x5219b736 ... error: Invariant violated
FAIL (repro: --seed=0x5219b846)
[8] 2026-04-03T23:43:09-07:00 seed=0x3fb59309 ... PASS
[192] 2026-04-03T23:43:10-07:00 seed=0xa5b1ca9e ... PASS
[193] 2026-04-03T23:43:26-07:00 seed=0xe30d006a ... PASS
[194] 2026-04-03T23:43:42-07:00 seed=0x88bfb48a ... PASS
[195] 2026-04-03T23:43:58-07:00 seed=0x09631b10 ... PASS
[196] 2026-04-03T23:44:14-07:00 seed=0x37e5b6c7 ... PASS
[197] 2026-04-03T23:44:30-07:00 seed=0x614530cd ... PASS
[198] 2026-04-03T23:44:45-07:00 seed=0xdc9e8446 ... PASS
[199] 2026-04-03T23:45:01-07:00 seed=0x3d14ef2d ... PASS
[200] 2026-04-03T23:45:17-07:00 seed=0x02cfbf74 ... PASS
[201] 2026-04-03T23:45:33-07:00 seed=0xcdd34d6a ... PASS
[202] 2026-04-03T23:45:49-07:00 seed=0x09611d36 ... PASS
[203] 2026-04-03T23:46:04-07:00 seed=0x6dd62451 ... PASS
[204] 2026-04-03T23:46:20-07:00 seed=0xad308460 ... PASS
[205] 2026-04-03T23:46:36-07:00 seed=0x8a5e58fa ... PASS
[206] 2026-04-03T23:46:52-07:00 seed=0xcca71e09 ... PASS
[207] 2026-04-03T23:47:08-07:00 seed=0xe82c3eff ... PASS
[208] 2026-04-03T23:47:24-07:00 seed=0xe8bccdca ... PASS
[209] 2026-04-03T23:47:40-07:00 seed=0xa7f90259 ... PASS
[210] 2026-04-03T23:47:55-07:00 seed=0xa63fc96c ... PASS
[211] 2026-04-03T23:48:12-07:00 seed=0xa9db2935 ... PASS
[212] 2026-04-03T23:48:28-07:00 seed=0x9caeb56b ... PASS
[213] 2026-04-03T23:48:44-07:00 seed=0xf9c8a76f ... PASS
[214] 2026-04-03T23:48:59-07:00 seed=0xb3e96e9b ... PASS
[215] 2026-04-03T23:49:16-07:00 seed=0xb19b4439 ... PASS
[216] 2026-04-03T23:49:32-07:00 seed=0x0d125e26 ... PASS
[217] 2026-04-03T23:49:48-07:00 seed=0x31c252ea ... PASS
[218] 2026-04-03T23:50:04-07:00 seed=0x826fe315 ... PASS
[219] 2026-04-03T23:50:20-07:00 seed=0x6c071f38 ... PASS
[220] 2026-04-03T23:50:37-07:00 seed=0x16644e8a ... PASS
[221] 2026-04-03T23:50:53-07:00 seed=0x5c91e7a6 ... PASS
[222] 2026-04-03T23:51:10-07:00 seed=0x6ca5428f ... PASS
[223] 2026-04-03T23:51:26-07:00 seed=0xc2066b5b ... PASS
[224] 2026-04-03T23:51:43-07:00 seed=0x4dc64ffb ... PASS
[225] 2026-04-03T23:52:00-07:00 seed=0xe866a7a8 ... PASS
[9] 2026-04-03T23:52:00-07:00 seed=0x4596101c ... PASS
[226] 2026-04-03T23:52:17-07:00 seed=0xcdc649c6 ... PASS
[227] 2026-04-03T23:52:33-07:00 seed=0x6987b3a4 ... PASS
[228] 2026-04-03T23:52:50-07:00 seed=0xd8f21fac ... PASS
[229] 2026-04-03T23:53:06-07:00 seed=0xe411ba66 ... PASS
[230] 2026-04-03T23:53:23-07:00 seed=0xbc08a4ab ... PASS
[231] 2026-04-03T23:53:39-07:00 seed=0x497868c1 ... PASS
[232] 2026-04-03T23:53:55-07:00 seed=0xa9a4e8b7 ... PASS
[233] 2026-04-03T23:54:12-07:00 seed=0xe0124497 ... PASS
[234] 2026-04-03T23:54:28-07:00 seed=0xfbad3a38 ... PASS
[235] 2026-04-03T23:54:44-07:00 seed=0x76fe0f82 ... PASS
[236] 2026-04-03T23:55:01-07:00 seed=0x69ea8a42 ... PASS
[237] 2026-04-03T23:55:17-07:00 seed=0x3ae101aa ... PASS
[238] 2026-04-03T23:55:33-07:00 seed=0x94764c4a ... PASS
[239] 2026-04-03T23:55:50-07:00 seed=0xdfca2d63 ... PASS
[240] 2026-04-03T23:56:07-07:00 seed=0xa2ed78a7 ... PASS
[241] 2026-04-03T23:56:23-07:00 seed=0xbea3b38d ... PASS
[242] 2026-04-03T23:56:39-07:00 seed=0x05049a31 ... PASS
[243] 2026-04-03T23:56:55-07:00 seed=0x1678cd82 ... PASS
[244] 2026-04-03T23:57:11-07:00 seed=0x0bad98b7 ... PASS
[245] 2026-04-03T23:57:27-07:00 seed=0x90e22054 ... PASS
[246] 2026-04-03T23:57:44-07:00 seed=0x8fe9c64a ... PASS
[247] 2026-04-03T23:58:00-07:00 seed=0xc916fa5d ... PASS
[248] 2026-04-03T23:58:16-07:00 seed=0x7d1f0112 ... PASS
[249] 2026-04-03T23:58:32-07:00 seed=0x8ed56c50 ... PASS
[250] 2026-04-03T23:58:48-07:00 seed=0xd8a4510f ... PASS
[251] 2026-04-03T23:59:04-07:00 seed=0xd7799a21 ... PASS
[252] 2026-04-03T23:59:21-07:00 seed=0x538b70c5 ... PASS
[253] 2026-04-03T23:59:37-07:00 seed=0x58d82041 ... PASS
[254] 2026-04-03T23:59:54-07:00 seed=0x07a2b247 ... PASS
[255] 2026-04-04T00:00:10-07:00 seed=0xf5fccaa5 ... PASS
[256] 2026-04-04T00:00:26-07:00 seed=0x4a0fcc20 ... PASS
[257] 2026-04-04T00:00:43-07:00 seed=0x407bef6e ... PASS
[258] 2026-04-04T00:00:59-07:00 seed=0x32ea0327 ... PASS
[259] 2026-04-04T00:01:15-07:00 seed=0x354a5fc2 ... PASS
[10] 2026-04-04T00:01:20-07:00 seed=0x28dab0c2 ... PASS
[260] 2026-04-04T00:01:31-07:00 seed=0x4d9e43f2 ... PASS
[261] 2026-04-04T00:01:47-07:00 seed=0xd1428c28 ... PASS
[262] 2026-04-04T00:02:03-07:00 seed=0x2e268117 ... PASS
[263] 2026-04-04T00:02:19-07:00 seed=0xf70f40a8 ... PASS
[264] 2026-04-04T00:02:35-07:00 seed=0x45580072 ... PASS
[265] 2026-04-04T00:02:51-07:00 seed=0x851ed3df ... PASS
[266] 2026-04-04T00:03:07-07:00 seed=0x3bc7f8d7 ... PASS
[267] 2026-04-04T00:03:23-07:00 seed=0x08e63d84 ... PASS
[268] 2026-04-04T00:03:39-07:00 seed=0x242e5ebd ... PASS
[269] 2026-04-04T00:03:55-07:00 seed=0xb7f10741 ... PASS
[270] 2026-04-04T00:04:11-07:00 seed=0x1f12d120 ... PASS
[271] 2026-04-04T00:04:27-07:00 seed=0x0057e378 ... PASS
[272] 2026-04-04T00:04:43-07:00 seed=0xced30947 ... PASS
[273] 2026-04-04T00:04:59-07:00 seed=0x1426c116 ... PASS
[274] 2026-04-04T00:05:15-07:00 seed=0x4d069f6c ... PASS
[275] 2026-04-04T00:05:31-07:00 seed=0x857da1ca ... PASS
[276] 2026-04-04T00:05:47-07:00 seed=0x48cc4da5 ... PASS
[277] 2026-04-04T00:06:03-07:00 seed=0x9f5b1088 ... PASS
[278] 2026-04-04T00:06:18-07:00 seed=0x244c3ed2 ... PASS
[279] 2026-04-04T00:06:34-07:00 seed=0x6cece348 ... PASS
[280] 2026-04-04T00:06:50-07:00 seed=0x854c0695 ... PASS
[281] 2026-04-04T00:07:06-07:00 seed=0xc9845e96 ... PASS
[282] 2026-04-04T00:07:22-07:00 seed=0x7cec8d4d ... PASS
[283] 2026-04-04T00:07:38-07:00 seed=0x31d3419d ... PASS
[284] 2026-04-04T00:07:55-07:00 seed=0x09d4ab80 ... PASS
[285] 2026-04-04T00:08:10-07:00 seed=0xe0e03568 ... PASS
[286] 2026-04-04T00:08:26-07:00 seed=0x7140da9a ... PASS
[287] 2026-04-04T00:08:42-07:00 seed=0x6cbdc7b8 ... PASS
[288] 2026-04-04T00:08:58-07:00 seed=0x077ef574 ... PASS
[289] 2026-04-04T00:09:14-07:00 seed=0x9a7a0368 ... PASS
[290] 2026-04-04T00:09:30-07:00 seed=0x01f089cd ... PASS
[291] 2026-04-04T00:09:46-07:00 seed=0x3f879631 ... PASS
[292] 2026-04-04T00:10:02-07:00 seed=0x837b15bd ... PASS
[293] 2026-04-04T00:10:18-07:00 seed=0xe8ad38cc ... PASS
[294] 2026-04-04T00:10:34-07:00 seed=0xe56fc6de ... PASS
[11] 2026-04-04T00:10:38-07:00 seed=0x585bf4ac ... PASS
[295] 2026-04-04T00:10:50-07:00 seed=0xdaf2d117 ... PASS
[296] 2026-04-04T00:11:06-07:00 seed=0x1554448c ... PASS
[297] 2026-04-04T00:11:22-07:00 seed=0xacd30b3a ... PASS
[298] 2026-04-04T00:11:38-07:00 seed=0x64e8ba97 ... PASS
[299] 2026-04-04T00:11:54-07:00 seed=0x566fda97 ... PASS
[300] 2026-04-04T00:12:12-07:00 seed=0xf505b36f ... PASS
[301] 2026-04-04T00:12:30-07:00 seed=0x8915285d ... PASS
[302] 2026-04-04T00:12:46-07:00 seed=0x81871e92 ... PASS
[303] 2026-04-04T00:13:03-07:00 seed=0xc934febe ... PASS
[304] 2026-04-04T00:13:19-07:00 seed=0x23aaeba5 ... PASS
[305] 2026-04-04T00:13:35-07:00 seed=0xeb48e96e ... PASS
[306] 2026-04-04T00:13:52-07:00 seed=0x93116918 ... PASS
[307] 2026-04-04T00:14:07-07:00 seed=0x8864b6f6 ... PASS
[308] 2026-04-04T00:14:23-07:00 seed=0xf02641f8 ... PASS
[309] 2026-04-04T00:14:39-07:00 seed=0x5d4303db ... PASS
[310] 2026-04-04T00:14:55-07:00 seed=0x7d5dae6c ... PASS
[311] 2026-04-04T00:15:12-07:00 seed=0x201ecfd9 ... PASS
[312] 2026-04-04T00:15:28-07:00 seed=0xc6db4202 ... PASS
[313] 2026-04-04T00:15:44-07:00 seed=0xbf1cccd8 ... PASS
[314] 2026-04-04T00:16:00-07:00 seed=0x45269d4c ... PASS
[315] 2026-04-04T00:16:16-07:00 seed=0x37b4c7ad ... PASS
[316] 2026-04-04T00:16:32-07:00 seed=0xee0fb28d ... PASS
[317] 2026-04-04T00:16:48-07:00 seed=0x9e8a8242 ... PASS
[318] 2026-04-04T00:17:04-07:00 seed=0x7cf2a3b9 ... PASS
[319] 2026-04-04T00:17:20-07:00 seed=0x7a0812c1 ... PASS
[320] 2026-04-04T00:17:36-07:00 seed=0x5f563fc9 ... PASS
[321] 2026-04-04T00:17:51-07:00 seed=0x453339ab ... PASS
[322] 2026-04-04T00:18:08-07:00 seed=0x9205ea8b ... PASS
[12] 2026-04-04T00:18:23-07:00 seed=0xf75332b2 ... PASS
[323] 2026-04-04T00:18:24-07:00 seed=0x19c9dbcd ... PASS
[324] 2026-04-04T00:18:40-07:00 seed=0x4567c83d ... PASS
[325] 2026-04-04T00:18:56-07:00 seed=0x56558660 ... PASS
[326] 2026-04-04T00:19:12-07:00 seed=0x186d5773 ... PASS
[327] 2026-04-04T00:19:28-07:00 seed=0xd23b2edc ... PASS
[328] 2026-04-04T00:19:43-07:00 seed=0xb1c1d214 ... PASS
[329] 2026-04-04T00:19:59-07:00 seed=0xda1b9ed9 ... PASS
[330] 2026-04-04T00:20:16-07:00 seed=0x1342a030 ... PASS
[331] 2026-04-04T00:20:32-07:00 seed=0x893285be ... PASS
[332] 2026-04-04T00:20:47-07:00 seed=0x4c05196f ... PASS
[333] 2026-04-04T00:21:04-07:00 seed=0xca54f2fe ... PASS
[334] 2026-04-04T00:21:20-07:00 seed=0x4cbfaf1e ... PASS
[335] 2026-04-04T00:21:35-07:00 seed=0x238ed846 ... PASS
[336] 2026-04-04T00:21:52-07:00 seed=0x0beffa0a ... PASS
[337] 2026-04-04T00:22:08-07:00 seed=0xa845a95e ... PASS
[338] 2026-04-04T00:22:24-07:00 seed=0xdeab3822 ... PASS
[339] 2026-04-04T00:22:39-07:00 seed=0xf5fcc1f6 ... PASS
[340] 2026-04-04T00:22:56-07:00 seed=0xf416c88f ... PASS
[341] 2026-04-04T00:23:12-07:00 seed=0x490c752f ... PASS
[342] 2026-04-04T00:23:28-07:00 seed=0x74f6c5de ... PASS
[343] 2026-04-04T00:23:44-07:00 seed=0xa7a7896d ... PASS
[13] 2026-04-04T00:23:49-07:00 seed=0xa8b164e6 ... PASS
[344] 2026-04-04T00:24:00-07:00 seed=0xe89f3326 ... PASS
[345] 2026-04-04T00:24:16-07:00 seed=0xbb665b4f ... PASS
[346] 2026-04-04T00:24:31-07:00 seed=0xdd4e582e ... PASS
[347] 2026-04-04T00:24:47-07:00 seed=0x5b49c01c ... PASS
[348] 2026-04-04T00:25:03-07:00 seed=0x5a7efdc7 ... PASS
[349] 2026-04-04T00:25:19-07:00 seed=0xbfd8d0aa ... PASS
[350] 2026-04-04T00:25:35-07:00 seed=0xa2d5688d ... PASS
[351] 2026-04-04T00:25:51-07:00 seed=0x1afeb6da ... PASS
[352] 2026-04-04T00:26:07-07:00 seed=0xeba2b7d0 ... PASS
[353] 2026-04-04T00:26:23-07:00 seed=0xf370e116 ... PASS
[354] 2026-04-04T00:26:38-07:00 seed=0x9dcc6ce1 ... PASS
[355] 2026-04-04T00:26:55-07:00 seed=0xc9bff53d ... PASS
[356] 2026-04-04T00:27:11-07:00 seed=0x75585685 ... PASS
[357] 2026-04-04T00:27:27-07:00 seed=0xe8d8c062 ... PASS
[358] 2026-04-04T00:27:43-07:00 seed=0xf24d50f2 ... PASS
[359] 2026-04-04T00:27:59-07:00 seed=0x17b18c5b ... PASS
[360] 2026-04-04T00:28:15-07:00 seed=0x75278d97 ... PASS
[361] 2026-04-04T00:28:31-07:00 seed=0xf026c692 ... PASS
[362] 2026-04-04T00:28:46-07:00 seed=0xff987623 ... PASS
[363] 2026-04-04T00:29:02-07:00 seed=0x24cdac00 ... PASS
[364] 2026-04-04T00:29:18-07:00 seed=0x5b8d53fb ... PASS
[365] 2026-04-04T00:29:33-07:00 seed=0x1a2ac7a9 ... PASS
[366] 2026-04-04T00:29:49-07:00 seed=0xa6f507eb ... PASS
[367] 2026-04-04T00:30:05-07:00 seed=0xc78c1b14 ... PASS
[368] 2026-04-04T00:30:21-07:00 seed=0xe163fb3a ... PASS
[369] 2026-04-04T00:30:37-07:00 seed=0x8728f897 ... PASS
[370] 2026-04-04T00:30:52-07:00 seed=0x1eea8467 ... PASS
[371] 2026-04-04T00:31:08-07:00 seed=0xc1a8f5ee ... PASS
[372] 2026-04-04T00:31:24-07:00 seed=0xf267cab3 ... PASS
[373] 2026-04-04T00:31:40-07:00 seed=0x9692e3a8 ... PASS
[374] 2026-04-04T00:31:56-07:00 seed=0x19aabfb1 ... PASS
[375] 2026-04-04T00:32:12-07:00 seed=0x780c3f1d ... PASS
[376] 2026-04-04T00:32:27-07:00 seed=0xf1f06baa ... PASS
[377] 2026-04-04T00:32:43-07:00 seed=0xf3c108d5 ... PASS
[378] 2026-04-04T00:32:59-07:00 seed=0xee941abe ... PASS
[14] 2026-04-04T00:33:15-07:00 seed=0x5cf363de ... PASS
[379] 2026-04-04T00:33:15-07:00 seed=0xef3b6d0d ... PASS
[380] 2026-04-04T00:33:31-07:00 seed=0x3d6a9296 ... PASS
[381] 2026-04-04T00:33:47-07:00 seed=0x60fa38c4 ... PASS
[382] 2026-04-04T00:34:03-07:00 seed=0xdfd9c542 ... PASS
[383] 2026-04-04T00:34:19-07:00 seed=0x794a0a83 ... PASS
[384] 2026-04-04T00:34:35-07:00 seed=0xa7949f8f ... PASS
[385] 2026-04-04T00:34:51-07:00 seed=0x1e168e15 ... PASS
[386] 2026-04-04T00:35:07-07:00 seed=0xd17ca6bb ... PASS
[387] 2026-04-04T00:35:23-07:00 seed=0xcf501609 ... PASS
[388] 2026-04-04T00:35:38-07:00 seed=0x961491b5 ... PASS
[389] 2026-04-04T00:35:54-07:00 seed=0x42d6ecc5 ... PASS
[390] 2026-04-04T00:36:10-07:00 seed=0x45b6c198 ... PASS
[391] 2026-04-04T00:36:26-07:00 seed=0xdc25d2ed ... PASS
[392] 2026-04-04T00:36:42-07:00 seed=0x717ae6db ... PASS
[393] 2026-04-04T00:36:58-07:00 seed=0xd7999c99 ... PASS
[394] 2026-04-04T00:37:13-07:00 seed=0x6e50f8aa ... PASS
[395] 2026-04-04T00:37:29-07:00 seed=0x1db80938 ... PASS
[396] 2026-04-04T00:37:45-07:00 seed=0x03de8d29 ... PASS
[397] 2026-04-04T00:38:01-07:00 seed=0x9cb582bf ... PASS
[398] 2026-04-04T00:38:18-07:00 seed=0x78b1389c ... PASS
[399] 2026-04-04T00:38:34-07:00 seed=0xbd3cbd7e ... PASS
[15] 2026-04-04T00:38:49-07:00 seed=0xd629242b ... PASS
[400] 2026-04-04T00:38:49-07:00 seed=0xdf6b9158 ... PASS
[401] 2026-04-04T00:39:05-07:00 seed=0x53399eca ... PASS
[402] 2026-04-04T00:39:21-07:00 seed=0xc9105334 ... PASS
[403] 2026-04-04T00:39:37-07:00 seed=0x8de5b773 ... PASS
[404] 2026-04-04T00:39:53-07:00 seed=0x36e5bab3 ... PASS
[405] 2026-04-04T00:40:09-07:00 seed=0x09020cea ... PASS
[406] 2026-04-04T00:40:25-07:00 seed=0x95195c08 ... PASS
[407] 2026-04-04T00:40:41-07:00 seed=0xcca84508 ... PASS
[408] 2026-04-04T00:40:57-07:00 seed=0x019d9c80 ... PASS
[409] 2026-04-04T00:41:13-07:00 seed=0xbb302bce ... PASS
[410] 2026-04-04T00:41:30-07:00 seed=0x1284edb1 ... PASS
[411] 2026-04-04T00:41:46-07:00 seed=0x54d2876d ... PASS
[412] 2026-04-04T00:42:02-07:00 seed=0xb248310b ... PASS
[413] 2026-04-04T00:42:18-07:00 seed=0xc6f49cc3 ... PASS
[414] 2026-04-04T00:42:33-07:00 seed=0x01d17c84 ... PASS
[16] 2026-04-04T00:42:35-07:00 seed=0xb00c78fc ... PASS
[415] 2026-04-04T00:42:50-07:00 seed=0x95ae9582 ... PASS
[416] 2026-04-04T00:43:06-07:00 seed=0x67231d0d ... PASS
[417] 2026-04-04T00:43:22-07:00 seed=0x691e6b7e ... PASS
[418] 2026-04-04T00:43:38-07:00 seed=0xdd3a527e ... PASS
[419] 2026-04-04T00:43:54-07:00 seed=0x7790f45f ... PASS
[420] 2026-04-04T00:44:10-07:00 seed=0xf9a6ef31 ... PASS
[421] 2026-04-04T00:44:26-07:00 seed=0xc0a773c1 ... PASS
[422] 2026-04-04T00:44:42-07:00 seed=0x2001c0dc ... PASS
[423] 2026-04-04T00:44:58-07:00 seed=0x14d8f3fa ... PASS
[424] 2026-04-04T00:45:14-07:00 seed=0xf6f6433a ... PASS
[425] 2026-04-04T00:45:29-07:00 seed=0x1b84cbfa ... PASS
[426] 2026-04-04T00:45:45-07:00 seed=0xad3539df ... PASS
[427] 2026-04-04T00:46:01-07:00 seed=0x51b90468 ... PASS
[428] 2026-04-04T00:46:17-07:00 seed=0x4a428f54 ... PASS
[429] 2026-04-04T00:46:33-07:00 seed=0x32b002c3 ... PASS
[430] 2026-04-04T00:46:48-07:00 seed=0x74c2ba1e ... PASS
[431] 2026-04-04T00:47:04-07:00 seed=0xe478c2ac ... PASS
[432] 2026-04-04T00:47:20-07:00 seed=0x03c4f10d ... PASS
[433] 2026-04-04T00:47:36-07:00 seed=0x7cf52d82 ... PASS
[434] 2026-04-04T00:47:53-07:00 seed=0xca916856 ... PASS
[435] 2026-04-04T00:48:09-07:00 seed=0xb15ad06f ... PASS
[436] 2026-04-04T00:48:24-07:00 seed=0x68c9dd67 ... PASS
[437] 2026-04-04T00:48:41-07:00 seed=0xc46f8808 ... PASS
[438] 2026-04-04T00:48:57-07:00 seed=0x652e88c8 ... PASS
[439] 2026-04-04T00:49:13-07:00 seed=0x0df0fe29 ... PASS
[440] 2026-04-04T00:49:28-07:00 seed=0xe21b4b0e ... PASS
[441] 2026-04-04T00:49:44-07:00 seed=0x66ee61d8 ... PASS
[442] 2026-04-04T00:50:00-07:00 seed=0x1f825ed3 ... PASS
[443] 2026-04-04T00:50:16-07:00 seed=0x9f2b6fa5 ... PASS
[444] 2026-04-04T00:50:32-07:00 seed=0xc3bbf711 ... PASS
[445] 2026-04-04T00:50:48-07:00 seed=0xc7f1bdc7 ... PASS
[446] 2026-04-04T00:51:04-07:00 seed=0xc59a7c1c ... PASS
[447] 2026-04-04T00:51:20-07:00 seed=0xb95fe5e6 ... PASS
[448] 2026-04-04T00:51:36-07:00 seed=0xbac699cb ... PASS
[449] 2026-04-04T00:51:52-07:00 seed=0xdae0858b ... PASS
[450] 2026-04-04T00:52:08-07:00 seed=0x0b698e97 ... PASS
[451] 2026-04-04T00:52:24-07:00 seed=0xadb325f8 ... PASS
[452] 2026-04-04T00:52:39-07:00 seed=0x59b93d95 ... PASS
[453] 2026-04-04T00:52:55-07:00 seed=0x9aeee6c9 ... PASS
[454] 2026-04-04T00:53:11-07:00 seed=0xbef8e0c2 ... PASS
[455] 2026-04-04T00:53:26-07:00 seed=0xf21ea74c ... PASS
[456] 2026-04-04T00:53:42-07:00 seed=0x4bb76054 ... PASS
[457] 2026-04-04T00:53:58-07:00 seed=0xd04c11d0 ... PASS
[458] 2026-04-04T00:54:14-07:00 seed=0x4dc6c0f5 ... PASS
[17] 2026-04-04T00:54:24-07:00 seed=0xd8044d46 ... PASS
[459] 2026-04-04T00:54:30-07:00 seed=0x4bc796ec ... PASS
[460] 2026-04-04T00:54:46-07:00 seed=0x35f58e3f ... PASS
[461] 2026-04-04T00:55:02-07:00 seed=0xfe9641ea ... PASS
[462] 2026-04-04T00:55:18-07:00 seed=0xa609553f ... PASS
[463] 2026-04-04T00:55:34-07:00 seed=0x557f6075 ... PASS
[464] 2026-04-04T00:55:49-07:00 seed=0x6c408635 ... PASS
[465] 2026-04-04T00:56:05-07:00 seed=0x886dee1a ... PASS
[466] 2026-04-04T00:56:21-07:00 seed=0x1c87f57a ... PASS
[467] 2026-04-04T00:56:36-07:00 seed=0x27d4da6b ... PASS
[468] 2026-04-04T00:56:52-07:00 seed=0xecdf19bc ... PASS
[469] 2026-04-04T00:57:08-07:00 seed=0x8fb49528 ... PASS
[470] 2026-04-04T00:57:24-07:00 seed=0xdba85ee7 ... PASS
[471] 2026-04-04T00:57:39-07:00 seed=0xa10ef357 ... PASS
[472] 2026-04-04T00:57:55-07:00 seed=0x0991c134 ... PASS
[473] 2026-04-04T00:58:11-07:00 seed=0xaeea9439 ... PASS
[474] 2026-04-04T00:58:27-07:00 seed=0x1248debd ... PASS
[475] 2026-04-04T00:58:43-07:00 seed=0x21d215f5 ... PASS
[476] 2026-04-04T00:58:59-07:00 seed=0x61d72566 ... PASS
[477] 2026-04-04T00:59:15-07:00 seed=0x43ea29e0 ... PASS
[478] 2026-04-04T00:59:31-07:00 seed=0xb307a355 ... PASS
[479] 2026-04-04T00:59:47-07:00 seed=0x57ede2b4 ... PASS
[480] 2026-04-04T01:00:03-07:00 seed=0x55cdbf91 ... PASS
[481] 2026-04-04T01:00:19-07:00 seed=0x36f54b53 ... PASS
[482] 2026-04-04T01:00:34-07:00 seed=0xe48880c1 ... PASS
[483] 2026-04-04T01:00:50-07:00 seed=0xe5d8d7ab ... PASS
[18] 2026-04-04T01:01:03-07:00 seed=0x56a8c9e2 ... PASS
[484] 2026-04-04T01:01:06-07:00 seed=0x21241e30 ... PASS
[485] 2026-04-04T01:01:22-07:00 seed=0x6a1facb8 ... PASS
[486] 2026-04-04T01:01:38-07:00 seed=0x77b15f49 ... PASS
[487] 2026-04-04T01:01:53-07:00 seed=0xd58ba4a6 ... PASS
[488] 2026-04-04T01:02:09-07:00 seed=0x06eebb1b ... PASS
[489] 2026-04-04T01:02:25-07:00 seed=0xd91c0114 ... PASS
[490] 2026-04-04T01:02:41-07:00 seed=0x459b27cc ... PASS
[491] 2026-04-04T01:02:56-07:00 seed=0x70edf9dd ... PASS
[492] 2026-04-04T01:03:12-07:00 seed=0xadd073df ... PASS
[493] 2026-04-04T01:03:28-07:00 seed=0xbd6f0209 ... PASS
[494] 2026-04-04T01:03:45-07:00 seed=0x2faa37c9 ... PASS
[495] 2026-04-04T01:04:01-07:00 seed=0xcf49963a ... PASS
[496] 2026-04-04T01:04:17-07:00 seed=0x5d64d70d ... PASS
[497] 2026-04-04T01:04:32-07:00 seed=0xe70f5d88 ... PASS
[498] 2026-04-04T01:04:48-07:00 seed=0xb1a89f6c ... PASS
[499] 2026-04-04T01:05:04-07:00 seed=0x07b800ae ... PASS
[500] 2026-04-04T01:05:20-07:00 seed=0x23e3139e ... PASS
[501] 2026-04-04T01:05:36-07:00 seed=0x6b157ef5 ... PASS
[502] 2026-04-04T01:05:52-07:00 seed=0xa6f1269a ... PASS
[503] 2026-04-04T01:06:08-07:00 seed=0x8484879b ... PASS
[504] 2026-04-04T01:06:24-07:00 seed=0x7d4ce8db ... PASS
[505] 2026-04-04T01:06:40-07:00 seed=0x5bba0756 ... PASS
[506] 2026-04-04T01:06:55-07:00 seed=0x3314e91d ... PASS
[507] 2026-04-04T01:07:12-07:00 seed=0x3b2321e7 ... PASS
[508] 2026-04-04T01:07:28-07:00 seed=0xbefbe628 ... PASS
[19] 2026-04-04T01:07:39-07:00 seed=0x0721d63f ... PASS
[509] 2026-04-04T01:07:43-07:00 seed=0xe0949c26 ... PASS
[510] 2026-04-04T01:07:59-07:00 seed=0x576f246d ... PASS
[511] 2026-04-04T01:08:15-07:00 seed=0x65629ac5 ... PASS
[512] 2026-04-04T01:08:31-07:00 seed=0x6a010b0b ... PASS
[513] 2026-04-04T01:08:47-07:00 seed=0xd995cb81 ... PASS
[514] 2026-04-04T01:09:04-07:00 seed=0xddb22cff ... PASS
[515] 2026-04-04T01:09:20-07:00 seed=0x1ea8c05e ... PASS
[516] 2026-04-04T01:09:36-07:00 seed=0x90c8785c ... PASS
[517] 2026-04-04T01:09:52-07:00 seed=0xec414509 ... PASS
[518] 2026-04-04T01:10:09-07:00 seed=0x3173aa0e ... PASS
[519] 2026-04-04T01:10:25-07:00 seed=0x744e6914 ... PASS
[520] 2026-04-04T01:10:41-07:00 seed=0x315b7f51 ... PASS
[521] 2026-04-04T01:10:57-07:00 seed=0x74e8832a ... PASS
[522] 2026-04-04T01:11:13-07:00 seed=0x5de1e7c7 ... PASS
[523] 2026-04-04T01:11:29-07:00 seed=0x587d2868 ... PASS
[524] 2026-04-04T01:11:46-07:00 seed=0x1fbc2caf ... PASS
[525] 2026-04-04T01:12:03-07:00 seed=0xda1f0ec9 ... PASS
[526] 2026-04-04T01:12:21-07:00 seed=0x09aed94e ... PASS
[527] 2026-04-04T01:12:38-07:00 seed=0xee4eb7cd ... PASS
[528] 2026-04-04T01:12:54-07:00 seed=0x8b9cef0d ... PASS
[529] 2026-04-04T01:13:10-07:00 seed=0x49a0db64 ... PASS
[530] 2026-04-04T01:13:26-07:00 seed=0x0cfa474d ... PASS
[531] 2026-04-04T01:13:42-07:00 seed=0x36951c2b ... PASS
[532] 2026-04-04T01:13:58-07:00 seed=0x78b62ff1 ... PASS
[533] 2026-04-04T01:14:14-07:00 seed=0x99bee472 ... PASS
[534] 2026-04-04T01:14:30-07:00 seed=0x8212869d ... PASS
[535] 2026-04-04T01:14:46-07:00 seed=0x6410844e ... PASS
[536] 2026-04-04T01:15:02-07:00 seed=0x704bd107 ... PASS
[537] 2026-04-04T01:15:18-07:00 seed=0xc9a0161d ... PASS
[538] 2026-04-04T01:15:34-07:00 seed=0x17186f41 ... PASS
[539] 2026-04-04T01:15:50-07:00 seed=0x346a5917 ... PASS
[540] 2026-04-04T01:16:06-07:00 seed=0x38bc6bbc ... PASS
[541] 2026-04-04T01:16:22-07:00 seed=0x97ce05d3 ... PASS
[542] 2026-04-04T01:16:38-07:00 seed=0xa7fc0f2c ... PASS
[543] 2026-04-04T01:16:54-07:00 seed=0x3c0e8ba9 ... PASS
[544] 2026-04-04T01:17:10-07:00 seed=0xe0e2c6a2 ... PASS
[545] 2026-04-04T01:17:26-07:00 seed=0x7be54f2d ... PASS
[546] 2026-04-04T01:17:42-07:00 seed=0x5d254074 ... PASS
[547] 2026-04-04T01:17:57-07:00 seed=0x5dc87c05 ... PASS
[548] 2026-04-04T01:18:14-07:00 seed=0xb4fea7a3 ... PASS
[549] 2026-04-04T01:18:29-07:00 seed=0x96a0c13f ... PASS
[20] 2026-04-04T01:18:36-07:00 seed=0xe8f830b3 ... PASS
[550] 2026-04-04T01:18:46-07:00 seed=0x32c1ad23 ... PASS
[551] 2026-04-04T01:19:02-07:00 seed=0x4b1dc717 ... PASS
[552] 2026-04-04T01:19:18-07:00 seed=0x1b1cb3ca ... PASS
[553] 2026-04-04T01:19:34-07:00 seed=0x1b78ddcb ... PASS
[554] 2026-04-04T01:19:51-07:00 seed=0x6c78e730 ... PASS
[555] 2026-04-04T01:20:07-07:00 seed=0x7d072242 ... PASS
[556] 2026-04-04T01:20:23-07:00 seed=0x74f4723b ... PASS
[557] 2026-04-04T01:20:39-07:00 seed=0x97ea310d ... PASS
[558] 2026-04-04T01:20:55-07:00 seed=0x6f82f052 ... PASS
[559] 2026-04-04T01:21:11-07:00 seed=0x0d1b0113 ... PASS
[560] 2026-04-04T01:21:27-07:00 seed=0x8c32d464 ... PASS
[561] 2026-04-04T01:21:43-07:00 seed=0x8d967e2a ... PASS
[562] 2026-04-04T01:21:59-07:00 seed=0xa5c39a1f ... PASS
[563] 2026-04-04T01:22:15-07:00 seed=0x69592e20 ... PASS
[564] 2026-04-04T01:22:31-07:00 seed=0xd7527ee8 ... PASS
[565] 2026-04-04T01:22:47-07:00 seed=0x8f105302 ... PASS
[566] 2026-04-04T01:23:03-07:00 seed=0x2676efd4 ... PASS
[567] 2026-04-04T01:23:19-07:00 seed=0x099c7d67 ... PASS
[568] 2026-04-04T01:23:34-07:00 seed=0x8ed07bf7 ... PASS
[569] 2026-04-04T01:23:50-07:00 seed=0x68a79e08 ... PASS
[570] 2026-04-04T01:24:06-07:00 seed=0x76af9abd ... PASS
[571] 2026-04-04T01:24:22-07:00 seed=0x4dca24a2 ... PASS
[572] 2026-04-04T01:24:38-07:00 seed=0x10c524e1 ... PASS
[573] 2026-04-04T01:24:54-07:00 seed=0xc17ecaf2 ... PASS
[574] 2026-04-04T01:25:10-07:00 seed=0x2be2b37e ... PASS
[575] 2026-04-04T01:25:26-07:00 seed=0x7f6bc527 ... PASS
[576] 2026-04-04T01:25:42-07:00 seed=0xb20c21b0 ... PASS
[577] 2026-04-04T01:25:57-07:00 seed=0x0fc154e6 ... PASS
[578] 2026-04-04T01:26:13-07:00 seed=0x154062bf ... PASS
[579] 2026-04-04T01:26:29-07:00 seed=0x148c0460 ... PASS
[580] 2026-04-04T01:26:45-07:00 seed=0xebd599a2 ... PASS
[581] 2026-04-04T01:27:01-07:00 seed=0x56c919ff ... PASS
[582] 2026-04-04T01:27:17-07:00 seed=0x7888f1e4 ... PASS
[583] 2026-04-04T01:27:33-07:00 seed=0x645d541a ... PASS
[584] 2026-04-04T01:27:48-07:00 seed=0x7ea3475e ... PASS
[585] 2026-04-04T01:28:04-07:00 seed=0xf42e9281 ... PASS
[586] 2026-04-04T01:28:20-07:00 seed=0xe1e6ba56 ... PASS
[587] 2026-04-04T01:28:35-07:00 seed=0x2a41478e ... PASS
[588] 2026-04-04T01:28:51-07:00 seed=0x03df2b9f ... PASS
[589] 2026-04-04T01:29:07-07:00 seed=0x4208f101 ... PASS
[590] 2026-04-04T01:29:22-07:00 seed=0x4060ca99 ... PASS
[591] 2026-04-04T01:29:38-07:00 seed=0x8f86ddfe ... PASS
[21] 2026-04-04T01:29:46-07:00 seed=0x3be9dcd1 ... PASS
[592] 2026-04-04T01:29:54-07:00 seed=0x3e060dfa ... PASS
[593] 2026-04-04T01:30:10-07:00 seed=0x3eab51f0 ... PASS
[594] 2026-04-04T01:30:25-07:00 seed=0x2d7512f3 ... PASS
[595] 2026-04-04T01:30:41-07:00 seed=0x84c8df94 ... PASS
[596] 2026-04-04T01:30:57-07:00 seed=0x9d76b3f9 ... PASS
[597] 2026-04-04T01:31:13-07:00 seed=0x3e619548 ... PASS
[598] 2026-04-04T01:31:28-07:00 seed=0x1c7cb0dd ... PASS
[599] 2026-04-04T01:31:44-07:00 seed=0x22fd6a90 ... PASS
[600] 2026-04-04T01:32:00-07:00 seed=0x07bf22e4 ... PASS
[601] 2026-04-04T01:32:16-07:00 seed=0xc557828d ... PASS
[602] 2026-04-04T01:32:32-07:00 seed=0x95ac8afb ... PASS
[603] 2026-04-04T01:32:48-07:00 seed=0xe0772db6 ... PASS
[604] 2026-04-04T01:33:04-07:00 seed=0x983da9b9 ... PASS
[605] 2026-04-04T01:33:20-07:00 seed=0x1cd4a9fd ... PASS
[606] 2026-04-04T01:33:35-07:00 seed=0x4cd44886 ... PASS
[607] 2026-04-04T01:33:52-07:00 seed=0x62f54057 ... PASS
[608] 2026-04-04T01:34:08-07:00 seed=0xe50b9bf2 ... PASS
[609] 2026-04-04T01:34:23-07:00 seed=0x45da917b ... PASS
[610] 2026-04-04T01:34:39-07:00 seed=0x43c05fb0 ... PASS
[22] 2026-04-04T01:34:50-07:00 seed=0xbe8ef98f ... PASS
[611] 2026-04-04T01:34:55-07:00 seed=0x947738ee ... PASS
[612] 2026-04-04T01:35:11-07:00 seed=0x37a8e852 ... PASS
[613] 2026-04-04T01:35:27-07:00 seed=0x752adb87 ... PASS
[614] 2026-04-04T01:35:43-07:00 seed=0x9128562f ... PASS
[615] 2026-04-04T01:35:59-07:00 seed=0xb5b68599 ... PASS
[616] 2026-04-04T01:36:15-07:00 seed=0xf682fc0d ... PASS
[617] 2026-04-04T01:36:31-07:00 seed=0x51ac0194 ... PASS
[618] 2026-04-04T01:36:47-07:00 seed=0xda2dc554 ... PASS
[619] 2026-04-04T01:37:03-07:00 seed=0x9222f9b3 ... PASS
[620] 2026-04-04T01:37:19-07:00 seed=0x0837314e ... PASS
[621] 2026-04-04T01:37:34-07:00 seed=0xeb89ebd3 ... PASS
[622] 2026-04-04T01:37:51-07:00 seed=0x739c05c0 ... PASS
[623] 2026-04-04T01:38:06-07:00 seed=0x22a9955b ... PASS
[624] 2026-04-04T01:38:22-07:00 seed=0x3514c513 ... PASS
[625] 2026-04-04T01:38:38-07:00 seed=0x5d52778f ... PASS
[626] 2026-04-04T01:38:54-07:00 seed=0x28b10a88 ... PASS
[627] 2026-04-04T01:39:10-07:00 seed=0x0f58184f ... PASS
[628] 2026-04-04T01:39:26-07:00 seed=0xf926d148 ... PASS
[629] 2026-04-04T01:39:41-07:00 seed=0x691eff25 ... PASS
[630] 2026-04-04T01:39:57-07:00 seed=0xc050fce7 ... PASS
[631] 2026-04-04T01:40:13-07:00 seed=0xbd939d8d ... PASS
[632] 2026-04-04T01:40:29-07:00 seed=0x35f9855e ... PASS
[633] 2026-04-04T01:40:45-07:00 seed=0xbdb78fc1 ... PASS
[634] 2026-04-04T01:41:01-07:00 seed=0x033f850d ... PASS
[635] 2026-04-04T01:41:16-07:00 seed=0x3bc0e7de ... PASS
[636] 2026-04-04T01:41:32-07:00 seed=0x5b5f999c ... PASS
[637] 2026-04-04T01:41:48-07:00 seed=0xee7389a0 ... PASS
[638] 2026-04-04T01:42:04-07:00 seed=0xd00b23ad ... PASS
[639] 2026-04-04T01:42:19-07:00 seed=0xfd33e37e ... PASS
[23] 2026-04-04T01:42:31-07:00 seed=0x40cd33ad ... PASS
[640] 2026-04-04T01:42:35-07:00 seed=0x67687e45 ... PASS
[641] 2026-04-04T01:42:51-07:00 seed=0x30f256ea ... PASS
[642] 2026-04-04T01:43:07-07:00 seed=0xdfb5deb3 ... PASS
[643] 2026-04-04T01:43:24-07:00 seed=0xfd8e1245 ... PASS
[644] 2026-04-04T01:43:39-07:00 seed=0x4d2176af ... PASS
[645] 2026-04-04T01:43:55-07:00 seed=0x5c702cee ... PASS
[646] 2026-04-04T01:44:11-07:00 seed=0x2496f151 ... PASS
[647] 2026-04-04T01:44:27-07:00 seed=0xdaae7ab3 ... PASS
[648] 2026-04-04T01:44:43-07:00 seed=0x2180a6c4 ... PASS
[649] 2026-04-04T01:44:59-07:00 seed=0xc969a6ed ... PASS
[650] 2026-04-04T01:45:14-07:00 seed=0x232b7eeb ... PASS
[651] 2026-04-04T01:45:30-07:00 seed=0x215eec0d ... PASS
[652] 2026-04-04T01:45:46-07:00 seed=0xd9634706 ... PASS
[653] 2026-04-04T01:46:02-07:00 seed=0xa61506f4 ... PASS
[654] 2026-04-04T01:46:17-07:00 seed=0x7c1294e9 ... PASS
[655] 2026-04-04T01:46:33-07:00 seed=0x82761a17 ... PASS
[656] 2026-04-04T01:46:49-07:00 seed=0xd6a192b6 ... PASS
[657] 2026-04-04T01:47:05-07:00 seed=0x3a554a10 ... PASS
[658] 2026-04-04T01:47:21-07:00 seed=0xf94dada5 ... PASS
[659] 2026-04-04T01:47:37-07:00 seed=0x30806aa8 ... PASS
[660] 2026-04-04T01:47:52-07:00 seed=0x99c683ed ... PASS
[661] 2026-04-04T01:48:08-07:00 seed=0x1abced55 ... PASS
[662] 2026-04-04T01:48:24-07:00 seed=0x503c3f58 ... PASS
[663] 2026-04-04T01:48:40-07:00 seed=0x97f15c8c ... PASS
[664] 2026-04-04T01:48:56-07:00 seed=0x0a920c11 ... PASS
[665] 2026-04-04T01:49:12-07:00 seed=0x16bbee98 ... PASS
[666] 2026-04-04T01:49:28-07:00 seed=0x96790cba ... PASS
[667] 2026-04-04T01:49:45-07:00 seed=0x7a5e9233 ... PASS
[668] 2026-04-04T01:50:00-07:00 seed=0x8ad3fe2a ... PASS
[669] 2026-04-04T01:50:16-07:00 seed=0xc3453e96 ... PASS
[670] 2026-04-04T01:50:32-07:00 seed=0x1cea8d2c ... PASS
[671] 2026-04-04T01:50:48-07:00 seed=0xa1b1988b ... PASS
[672] 2026-04-04T01:51:04-07:00 seed=0xc5e71541 ... PASS
[673] 2026-04-04T01:51:19-07:00 seed=0xafb71fd7 ... PASS
[674] 2026-04-04T01:51:35-07:00 seed=0x4a88aa07 ... PASS
[675] 2026-04-04T01:51:51-07:00 seed=0xfc6357ca ... PASS
[676] 2026-04-04T01:52:07-07:00 seed=0xe0a20de5 ... PASS
[677] 2026-04-04T01:52:23-07:00 seed=0xb49d9264 ... PASS
[678] 2026-04-04T01:52:38-07:00 seed=0x5db099a4 ... PASS
[679] 2026-04-04T01:52:54-07:00 seed=0x476e9478 ... PASS
[680] 2026-04-04T01:53:10-07:00 seed=0x0ed5d1de ... PASS
[681] 2026-04-04T01:53:25-07:00 seed=0x78591379 ... PASS
[682] 2026-04-04T01:53:41-07:00 seed=0x95e37bf5 ... PASS
[683] 2026-04-04T01:53:57-07:00 seed=0xc8fbb962 ... PASS
[684] 2026-04-04T01:54:12-07:00 seed=0xcbd4daa3 ... PASS
[685] 2026-04-04T01:54:28-07:00 seed=0x73ea29a2 ... PASS
[686] 2026-04-04T01:54:44-07:00 seed=0xbd06937b ... PASS
[687] 2026-04-04T01:55:00-07:00 seed=0xaeaca310 ... PASS
[688] 2026-04-04T01:55:15-07:00 seed=0x505c6cc8 ... PASS
[689] 2026-04-04T01:55:31-07:00 seed=0x3ec806aa ... PASS
[690] 2026-04-04T01:55:47-07:00 seed=0x4e4f43dd ... PASS
[691] 2026-04-04T01:56:03-07:00 seed=0xc9c8d5f1 ... PASS
[692] 2026-04-04T01:56:19-07:00 seed=0x7d1ddc10 ... PASS
[693] 2026-04-04T01:56:35-07:00 seed=0xd56d456f ... PASS
[694] 2026-04-04T01:56:51-07:00 seed=0xfede44a2 ... PASS
[695] 2026-04-04T01:57:07-07:00 seed=0xbded5b5f ... PASS
[696] 2026-04-04T01:57:23-07:00 seed=0x080bb92d ... PASS
[697] 2026-04-04T01:57:39-07:00 seed=0xa131c8f0 ... PASS
[698] 2026-04-04T01:57:56-07:00 seed=0x6f595939 ... PASS
[699] 2026-04-04T01:58:12-07:00 seed=0x663c7e96 ... PASS
[700] 2026-04-04T01:58:28-07:00 seed=0x3f96b656 ... PASS
[701] 2026-04-04T01:58:44-07:00 seed=0xf15184fb ... PASS
[24] 2026-04-04T01:58:52-07:00 seed=0xca2d9d1d ... PASS
[702] 2026-04-04T01:59:01-07:00 seed=0xda1ad897 ... PASS
[703] 2026-04-04T01:59:17-07:00 seed=0x24652267 ... PASS
[704] 2026-04-04T01:59:33-07:00 seed=0xe2229e2b ... PASS
[705] 2026-04-04T01:59:48-07:00 seed=0x7068f359 ... PASS
[706] 2026-04-04T02:00:04-07:00 seed=0x5b9c549d ... PASS
[707] 2026-04-04T02:00:20-07:00 seed=0x9ae74549 ... PASS
[708] 2026-04-04T02:00:36-07:00 seed=0x1913ec27 ... PASS
[709] 2026-04-04T02:00:51-07:00 seed=0xe20ecbec ... PASS
[710] 2026-04-04T02:01:07-07:00 seed=0xa51ab004 ... PASS
[711] 2026-04-04T02:01:23-07:00 seed=0xb0f6555e ... PASS
[712] 2026-04-04T02:01:39-07:00 seed=0x7ec981db ... PASS
[713] 2026-04-04T02:01:55-07:00 seed=0xe7396b65 ... PASS
[714] 2026-04-04T02:02:11-07:00 seed=0x83a687a7 ... PASS
[715] 2026-04-04T02:02:27-07:00 seed=0x5ad3c083 ... PASS
[716] 2026-04-04T02:02:43-07:00 seed=0x91baa1fd ... 
⎯⎯⎯⎯⎯⎯⎯ Failed Tests 1 ⎯⎯⎯⎯⎯⎯⎯

 FAIL  src/machine.mbt.test.ts > DnD MBT > replays Quint traces against XState machine (L3 + L5 + L9 + L10 + L18)
StateMismatchError: State mismatch at trace 48, step 25, action "doAddExhaustion" (seed: 0x91baa1fd)
Expected: {"hp":0,"maxHp":256,"tempHp":0,"deathSavesSuccesses":0,"deathSavesFailures":0,"stable":false,"dead":true,"blinded":false,"charmed":false,"deafened":false,"exhaustion":6,"frightened":false,"grappled":false,"invisible":false,"paralyzed":false,"petrified":false,"poisoned":false,"prone":true,"restrained":false,"stunned":false,"unconscious":true,"incapacitatedSources":{},"hitDiceRemaining":{"barbarian":0,"bard":0,"cleric":0,"druid":0,"fighter":0,"monk":0,"paladin":0,"ranger":0,"rogue":0,"sorcerer":0,"warlock":0,"wizard":0},"activeEffects":[],"movementRemaining":40,"effectiveSpeed":40,"actionsRemaining":1,"attackActionUsed":false,"bonusActionUsed":false,"reactionAvailable":true,"freeInteractionUsed":false,"extraAttacksRemaining":2,"disengaged":false,"dodging":false,"readiedAction":false,"bonusActionSpellCast":false,"nonCantripActionSpellCast":false,"bonusMovementRemaining":0,"bonusMovementOAFree":false,"actionSurgeActionPending":false,"slotExpendedThisTurn":false,"turnPhase":"outOfCombat","slotsMax":[0,0,0,0,0,0,0,0,0],"slotsCurrent":[0,0,0,0,0,0,0,0,0],"pactSlotsMax":0,"pactSlotsCurrent":0,"pactSlotLevel":0,"concentrationSpellId":"","secondWindCharges":0,"secondWindMax":0,"actionSurgeCharges":0,"actionSurgeMax":0,"actionSurgeUsedThisTurn":false,"indomitableCharges":0,"indomitableMax":0,"heroicInspiration":false,"fighterLevel":0,"barbarianLevel":0,"raging":false,"rageCharges":0,"rageMaxCharges":0,"rageTurnsRemaining":0,"attackedOrForcedSaveThisTurn":false,"rageExtendedWithBA":false,"recklessThisTurn":false,"frenzyUsedThisTurn":false,"intimidatingPresenceUsed":false,"relentlessRageTimesUsed":0,"brutalStrikeUsedThisTurn":false,"creatureKind":"Monster","legendaryActionsRemaining":3,"legendaryResistancesRemaining":3,"rechargeAvailable":{"Fire Breath":false},"dailyUsesRemaining":{"Fireball":1},"monkLevel":0,"focusPoints":0,"focusMax":0,"uncannyMetabolismUsed":false,"stunningStrikeUsedThisTurn":false,"wholenessCharges":0,"wholenessMax":0,"paladinLevel":0,"layOnHandsPool":0,"layOnHandsMax":0,"paladinChannelDivinityCharges":0,"paladinChannelDivinityMax":0,"smiteFreeUsed":false,"rogueLevel":0,"sneakAttackUsedThisTurn":false,"steadyAimUsedThisTurn":false,"cunningStrikeUsesThisTurn":0,"clericLevel":0,"clericChannelDivinityCharges":0,"clericChannelDivinityMax":0,"druidLevel":0,"wildShapeCharges":0,"wildShapeMax":0,"inWildShape":false,"wildResurgenceSlotUsedThisLR":false,"sorcererLevel":0,"sorceryPoints":0,"sorceryPointsMax":0,"sorcerousRestorationUsed":false,"innateSorceryActive":false,"innateSorceryCharges":2,"innateSorceryTurnsRemaining":0,"metamagicUsedThisCast":{},"apotheosisUsedThisTurn":false,"warlockLevel":0,"mysticArcanumUsed":{},"magicalCunningUsed":false,"eldritchSmiteUsedThisTurn":false,"wizardLevel":0,"arcaneRecoveryUsed":false,"overchannelUsesThisLR":0,"rangerLevel":0,"huntersMarkFreeUses":0,"tirelessCharges":0,"tirelessMax":0,"naturesVeilCharges":0,"naturesVeilMax":0,"bardLevel":0,"bardicInspirationCharges":0,"bardicInspirationMax":0}
Actual: {"hp":0,"maxHp":256,"tempHp":0,"deathSavesSuccesses":0,"deathSavesFailures":0,"stable":false,"dead":true,"blinded":false,"charmed":false,"deafened":false,"exhaustion":6,"frightened":false,"grappled":false,"invisible":false,"paralyzed":false,"petrified":false,"poisoned":false,"prone":true,"restrained":false,"stunned":false,"unconscious":false,"incapacitatedSources":{},"hitDiceRemaining":{"barbarian":0,"bard":0,"cleric":0,"druid":0,"fighter":0,"monk":0,"paladin":0,"ranger":0,"rogue":0,"sorcerer":0,"warlock":0,"wizard":0},"activeEffects":[],"movementRemaining":40,"effectiveSpeed":40,"actionsRemaining":1,"attackActionUsed":false,"bonusActionUsed":false,"reactionAvailable":true,"freeInteractionUsed":false,"extraAttacksRemaining":2,"disengaged":false,"dodging":false,"readiedAction":false,"bonusActionSpellCast":false,"nonCantripActionSpellCast":false,"bonusMovementRemaining":0,"bonusMovementOAFree":false,"actionSurgeActionPending":false,"slotExpendedThisTurn":false,"turnPhase":"outOfCombat","slotsMax":[0,0,0,0,0,0,0,0,0],"slotsCurrent":[0,0,0,0,0,0,0,0,0],"pactSlotsMax":0,"pactSlotsCurrent":0,"pactSlotLevel":0,"concentrationSpellId":"","creatureKind":"Monster","legendaryActionsRemaining":3,"legendaryResistancesRemaining":3,"rechargeAvailable":{"Fire Breath":false},"dailyUsesRemaining":{"Fireball":1},"secondWindCharges":0,"secondWindMax":0,"actionSurgeCharges":0,"actionSurgeMax":0,"actionSurgeUsedThisTurn":false,"indomitableCharges":0,"indomitableMax":0,"heroicInspiration":false,"fighterLevel":0,"barbarianLevel":0,"raging":false,"rageCharges":0,"rageMaxCharges":0,"rageTurnsRemaining":0,"attackedOrForcedSaveThisTurn":false,"rageExtendedWithBA":false,"recklessThisTurn":false,"frenzyUsedThisTurn":false,"intimidatingPresenceUsed":false,"relentlessRageTimesUsed":0,"brutalStrikeUsedThisTurn":false,"monkLevel":0,"focusPoints":0,"focusMax":0,"uncannyMetabolismUsed":false,"stunningStrikeUsedThisTurn":false,"wholenessCharges":0,"wholenessMax":0,"paladinLevel":0,"layOnHandsPool":0,"layOnHandsMax":0,"paladinChannelDivinityCharges":0,"paladinChannelDivinityMax":0,"smiteFreeUsed":false,"rogueLevel":0,"sneakAttackUsedThisTurn":false,"steadyAimUsedThisTurn":false,"cunningStrikeUsesThisTurn":0,"clericLevel":0,"clericChannelDivinityCharges":0,"clericChannelDivinityMax":0,"druidLevel":0,"wildShapeCharges":0,"wildShapeMax":0,"inWildShape":false,"wildResurgenceSlotUsedThisLR":false,"sorcererLevel":0,"sorceryPoints":0,"sorceryPointsMax":0,"sorcerousRestorationUsed":false,"innateSorceryActive":false,"innateSorceryCharges":2,"innateSorceryTurnsRemaining":0,"metamagicUsedThisCast":{},"apotheosisUsedThisTurn":false,"warlockLevel":0,"mysticArcanumUsed":{},"magicalCunningUsed":false,"eldritchSmiteUsedThisTurn":false,"wizardLevel":0,"arcaneRecoveryUsed":false,"overchannelUsesThisLR":0,"rangerLevel":0,"huntersMarkFreeUses":0,"tirelessCharges":0,"tirelessMax":0,"naturesVeilCharges":0,"naturesVeilMax":0,"bardLevel":0,"bardicInspirationCharges":0,"bardicInspirationMax":0}

[32m- Expected[39m
[31m+ Received[39m

[33m@@ -63,13 +63,11 @@[39m
[2m      "wizard": 0,[22m
[2m    },[22m
[2m    "hp": 0,[22m
[2m    "huntersMarkFreeUses": 0,[22m
[2m    "inWildShape": false,[22m
[32m-   "incapacitatedSources": Set {[39m
[32m-     "unconscious",[39m
[32m-   },[39m
[31m+   "incapacitatedSources": Set {},[39m
[2m    "indomitableCharges": 0,[22m
[2m    "indomitableMax": 0,[22m
[2m    "innateSorceryActive": false,[22m
[2m    "innateSorceryCharges": 2,[22m
[2m    "innateSorceryTurnsRemaining": 0,[22m
[33m@@ -152,11 +150,11 @@[39m
[2m    "tempHp": 0,[22m
[2m    "tirelessCharges": 0,[22m
[2m    "tirelessMax": 0,[22m
[2m    "turnPhase": "outOfCombat",[22m
[2m    "uncannyMetabolismUsed": false,[22m
[32m-   "unconscious": true,[39m
[31m+   "unconscious": false,[39m
[2m    "warlockLevel": 0,[22m
[2m    "wholenessCharges": 0,[22m
[2m    "wholenessMax": 0,[22m
[2m    "wildResurgenceSlotUsedThisLR": false,[22m
[2m    "wildShapeCharges": 0,[22m

 ❯ next ../node_modules/.pnpm/@firfi+quint-connect@0.7.3_effect@3.21.0_vitest@3.2.4_@types+node@22.19.15_jiti@2.6.1_j_9c294d493b9779903aeaa7b50aa9f3e2/node_modules/@firfi/quint-connect/src/runner/runner.ts:243:25
 ❯ body ../node_modules/.pnpm/effect@3.21.0/node_modules/effect/src/internal/fiberRuntime.ts:198:67
 ❯ internalCall ../node_modules/.pnpm/effect@3.21.0/node_modules/effect/src/Utils.ts:779:12
 ❯ Object.Iterator ../node_modules/.pnpm/effect@3.21.0/node_modules/effect/src/internal/fiberRuntime.ts:198:21
 ❯ FiberRuntime.Sync ../node_modules/.pnpm/effect@3.21.0/node_modules/effect/src/internal/fiberRuntime.ts:1169:37
 ❯ f ../node_modules/.pnpm/effect@3.21.0/node_modules/effect/src/internal/fiberRuntime.ts:1398:53
 ❯ Object.context ../node_modules/.pnpm/effect@3.21.0/node_modules/effect/src/internal/tracer.ts:101:19
 ❯ FiberRuntime.runLoop ../node_modules/.pnpm/effect@3.21.0/node_modules/effect/src/internal/fiberRuntime.ts:1384:34
 ❯ FiberRuntime.evaluateEffect ../node_modules/.pnpm/effect@3.21.0/node_modules/effect/src/internal/fiberRuntime.ts:950:27

⎯⎯⎯⎯⎯⎯⎯⎯⎯⎯⎯⎯⎯⎯⎯⎯⎯⎯⎯⎯⎯⎯⎯⎯[1/1]⎯

FAIL (trace ?, step ?, action ?)
[717] 2026-04-04T02:02:59-07:00 seed=0x6b2f5f58 ... PASS
[718] 2026-04-04T02:03:16-07:00 seed=0xba22e414 ... PASS
[719] 2026-04-04T02:03:31-07:00 seed=0xc6a1f3a3 ... PASS
[720] 2026-04-04T02:03:47-07:00 seed=0x650565bd ... PASS
[721] 2026-04-04T02:04:03-07:00 seed=0x2b8f096e ... PASS
[722] 2026-04-04T02:04:19-07:00 seed=0xe6b1d902 ... PASS
[723] 2026-04-04T02:04:35-07:00 seed=0xbfaed930 ... PASS
[724] 2026-04-04T02:04:51-07:00 seed=0x0478849c ... PASS
[25] 2026-04-04T02:04:55-07:00 seed=0xdabf6583 ... PASS
[725] 2026-04-04T02:05:07-07:00 seed=0x3704d0fc ... PASS
[726] 2026-04-04T02:05:24-07:00 seed=0xf0e77337 ... PASS
[727] 2026-04-04T02:05:42-07:00 seed=0x44aaddba ... PASS
[728] 2026-04-04T02:05:58-07:00 seed=0x250d3656 ... PASS
[729] 2026-04-04T02:06:13-07:00 seed=0xf0f12631 ... PASS
[730] 2026-04-04T02:06:30-07:00 seed=0xfec482f7 ... PASS
[731] 2026-04-04T02:06:46-07:00 seed=0x073c2498 ... PASS
[732] 2026-04-04T02:07:01-07:00 seed=0xfe85d02c ... PASS
[733] 2026-04-04T02:07:19-07:00 seed=0x1619c3a3 ... PASS
[734] 2026-04-04T02:07:36-07:00 seed=0x028f895d ... PASS
[735] 2026-04-04T02:07:53-07:00 seed=0xbaf4964f ... PASS
[736] 2026-04-04T02:08:10-07:00 seed=0x7c364b81 ... PASS
[737] 2026-04-04T02:08:26-07:00 seed=0x932712e7 ... PASS
[738] 2026-04-04T02:08:42-07:00 seed=0xa97d454f ... PASS
[739] 2026-04-04T02:08:58-07:00 seed=0x184d6286 ... PASS
[740] 2026-04-04T02:09:14-07:00 seed=0x50ee6d42 ... PASS
[741] 2026-04-04T02:09:31-07:00 seed=0x0c6e28f7 ... PASS
[742] 2026-04-04T02:09:47-07:00 seed=0x8a0b92da ... PASS
[743] 2026-04-04T02:10:03-07:00 seed=0x840df65d ... PASS
[744] 2026-04-04T02:10:19-07:00 seed=0xd111d201 ... PASS
[745] 2026-04-04T02:10:35-07:00 seed=0x3c6888cf ... PASS
[746] 2026-04-04T02:10:50-07:00 seed=0xa4f4fbcb ... PASS
[747] 2026-04-04T02:11:06-07:00 seed=0xbd31303b ... PASS
[748] 2026-04-04T02:11:22-07:00 seed=0x9abdc205 ... PASS
[26] 2026-04-04T02:11:23-07:00 seed=0x58af9bcc ... PASS
[749] 2026-04-04T02:11:38-07:00 seed=0x72ac1d18 ... PASS
[750] 2026-04-04T02:11:54-07:00 seed=0x914fc2bf ... PASS
[751] 2026-04-04T02:12:11-07:00 seed=0x1a621c06 ... PASS
[752] 2026-04-04T02:12:30-07:00 seed=0xa1382f18 ... PASS
[753] 2026-04-04T02:12:46-07:00 seed=0xe06fe2f0 ... PASS
[754] 2026-04-04T02:13:02-07:00 seed=0xa2b294de ... PASS
[755] 2026-04-04T02:13:18-07:00 seed=0x07d9fb05 ... PASS
[756] 2026-04-04T02:13:34-07:00 seed=0x61e691c0 ... PASS
[757] 2026-04-04T02:13:50-07:00 seed=0x2b029049 ... PASS
[758] 2026-04-04T02:14:06-07:00 seed=0xea0ec444 ... PASS
[759] 2026-04-04T02:14:22-07:00 seed=0x430c221c ... PASS
[760] 2026-04-04T02:14:38-07:00 seed=0xfe06fd12 ... PASS
[761] 2026-04-04T02:14:54-07:00 seed=0x40441334 ... PASS
[762] 2026-04-04T02:15:10-07:00 seed=0x945751bf ... PASS
[763] 2026-04-04T02:15:27-07:00 seed=0xe898de62 ... PASS
[764] 2026-04-04T02:15:43-07:00 seed=0xfbb41749 ... PASS
[765] 2026-04-04T02:15:59-07:00 seed=0xe659ecfd ... PASS
[766] 2026-04-04T02:16:15-07:00 seed=0x8c7e93c0 ... PASS
[767] 2026-04-04T02:16:31-07:00 seed=0x5a14c5fa ... PASS
[768] 2026-04-04T02:16:47-07:00 seed=0x9a229c4e ... PASS
[769] 2026-04-04T02:17:03-07:00 seed=0xe075ab1a ... PASS
[770] 2026-04-04T02:17:19-07:00 seed=0x0b179d6b ... PASS
[771] 2026-04-04T02:17:35-07:00 seed=0x64d2df1f ... PASS
[772] 2026-04-04T02:17:50-07:00 seed=0xcf9450d6 ... PASS
[773] 2026-04-04T02:18:06-07:00 seed=0x13888306 ... PASS
[774] 2026-04-04T02:18:22-07:00 seed=0x404fc32d ... PASS
[775] 2026-04-04T02:18:38-07:00 seed=0x79478442 ... PASS
[27] 2026-04-04T02:18:39-07:00 seed=0x70611b25 ... PASS
[776] 2026-04-04T02:18:54-07:00 seed=0x64b79752 ... PASS
[777] 2026-04-04T02:19:10-07:00 seed=0x1a09b9a5 ... PASS
[778] 2026-04-04T02:19:26-07:00 seed=0xf4dbbe75 ... PASS
[779] 2026-04-04T02:19:42-07:00 seed=0xc3f09d3d ... PASS
[780] 2026-04-04T02:19:57-07:00 seed=0x12b88dd8 ... PASS
[781] 2026-04-04T02:20:14-07:00 seed=0xe270901c ... PASS
[782] 2026-04-04T02:20:30-07:00 seed=0xfe525306 ... PASS
[783] 2026-04-04T02:20:46-07:00 seed=0xc3d88be0 ... PASS
[784] 2026-04-04T02:21:02-07:00 seed=0x7cd5bf77 ... PASS
[785] 2026-04-04T02:21:18-07:00 seed=0x1f438498 ... PASS
[786] 2026-04-04T02:21:34-07:00 seed=0xd78e6816 ... PASS
[787] 2026-04-04T02:21:50-07:00 seed=0xb94993fb ... PASS
[788] 2026-04-04T02:22:06-07:00 seed=0xc3766e3c ... PASS
[789] 2026-04-04T02:22:22-07:00 seed=0x6c1e174f ... PASS
[790] 2026-04-04T02:22:38-07:00 seed=0x0b8fa849 ... PASS
[791] 2026-04-04T02:22:54-07:00 seed=0x619b40cd ... PASS
[792] 2026-04-04T02:23:10-07:00 seed=0xc4622ec2 ... PASS
[793] 2026-04-04T02:23:26-07:00 seed=0x5b18378e ... PASS
[794] 2026-04-04T02:23:42-07:00 seed=0x5a3a2d7e ... PASS
[795] 2026-04-04T02:23:58-07:00 seed=0xd1b03ddd ... PASS
[796] 2026-04-04T02:24:14-07:00 seed=0x51ec226d ... PASS
[797] 2026-04-04T02:24:29-07:00 seed=0x7d7fe6a7 ... PASS
[798] 2026-04-04T02:24:45-07:00 seed=0x1cc41273 ... PASS
[799] 2026-04-04T02:25:01-07:00 seed=0x7a1634f8 ... PASS
[800] 2026-04-04T02:25:18-07:00 seed=0x330e5619 ... PASS
[801] 2026-04-04T02:25:34-07:00 seed=0xcf0c112c ... PASS
[802] 2026-04-04T02:25:50-07:00 seed=0x3776a842 ... PASS
[803] 2026-04-04T02:26:06-07:00 seed=0xf38dc351 ... PASS
[804] 2026-04-04T02:26:22-07:00 seed=0x033cd57f ... PASS
[805] 2026-04-04T02:26:38-07:00 seed=0xe550dd6c ... 
⎯⎯⎯⎯⎯⎯⎯ Failed Tests 1 ⎯⎯⎯⎯⎯⎯⎯

 FAIL  src/machine.mbt.test.ts > DnD MBT > replays Quint traces against XState machine (L3 + L5 + L9 + L10 + L18)
StateMismatchError: State mismatch at trace 25, step 18, action "doUseMysticArcanum" (seed: 0xe550dd6c)
Expected: {"hp":12,"maxHp":12,"tempHp":0,"deathSavesSuccesses":0,"deathSavesFailures":0,"stable":false,"dead":false,"blinded":false,"charmed":false,"deafened":false,"exhaustion":0,"frightened":false,"grappled":false,"invisible":false,"paralyzed":false,"petrified":false,"poisoned":false,"prone":false,"restrained":false,"stunned":false,"unconscious":false,"incapacitatedSources":{},"hitDiceRemaining":{"barbarian":0,"bard":0,"cleric":0,"druid":0,"fighter":0,"monk":0,"paladin":0,"ranger":0,"rogue":0,"sorcerer":0,"warlock":18,"wizard":0},"activeEffects":[],"movementRemaining":26,"effectiveSpeed":26,"actionsRemaining":1,"attackActionUsed":false,"bonusActionUsed":false,"reactionAvailable":true,"freeInteractionUsed":false,"extraAttacksRemaining":0,"disengaged":false,"dodging":false,"readiedAction":false,"bonusActionSpellCast":false,"nonCantripActionSpellCast":false,"bonusMovementRemaining":0,"bonusMovementOAFree":false,"actionSurgeActionPending":false,"slotExpendedThisTurn":false,"turnPhase":"acting","slotsMax":[0,0,0,0,0,0,0,0,0],"slotsCurrent":[0,0,0,0,0,0,0,0,0],"pactSlotsMax":4,"pactSlotsCurrent":4,"pactSlotLevel":5,"concentrationSpellId":"","secondWindCharges":0,"secondWindMax":0,"actionSurgeCharges":0,"actionSurgeMax":0,"actionSurgeUsedThisTurn":false,"indomitableCharges":0,"indomitableMax":0,"heroicInspiration":false,"fighterLevel":0,"barbarianLevel":0,"raging":false,"rageCharges":0,"rageMaxCharges":0,"rageTurnsRemaining":0,"attackedOrForcedSaveThisTurn":false,"rageExtendedWithBA":false,"recklessThisTurn":false,"frenzyUsedThisTurn":false,"intimidatingPresenceUsed":false,"relentlessRageTimesUsed":0,"brutalStrikeUsedThisTurn":false,"creatureKind":"PC","legendaryActionsRemaining":0,"legendaryResistancesRemaining":0,"rechargeAvailable":{},"dailyUsesRemaining":{},"monkLevel":0,"focusPoints":0,"focusMax":0,"uncannyMetabolismUsed":false,"stunningStrikeUsedThisTurn":false,"wholenessCharges":0,"wholenessMax":0,"paladinLevel":0,"layOnHandsPool":0,"layOnHandsMax":0,"paladinChannelDivinityCharges":0,"paladinChannelDivinityMax":0,"smiteFreeUsed":false,"rogueLevel":0,"sneakAttackUsedThisTurn":false,"steadyAimUsedThisTurn":false,"cunningStrikeUsesThisTurn":0,"clericLevel":0,"clericChannelDivinityCharges":0,"clericChannelDivinityMax":0,"druidLevel":0,"wildShapeCharges":0,"wildShapeMax":0,"inWildShape":false,"wildResurgenceSlotUsedThisLR":false,"sorcererLevel":0,"sorceryPoints":0,"sorceryPointsMax":0,"sorcerousRestorationUsed":false,"innateSorceryActive":false,"innateSorceryCharges":2,"innateSorceryTurnsRemaining":0,"metamagicUsedThisCast":{},"apotheosisUsedThisTurn":false,"warlockLevel":18,"mysticArcanumUsed":{},"magicalCunningUsed":false,"eldritchSmiteUsedThisTurn":false,"wizardLevel":0,"arcaneRecoveryUsed":false,"overchannelUsesThisLR":0,"rangerLevel":0,"huntersMarkFreeUses":0,"tirelessCharges":0,"tirelessMax":0,"naturesVeilCharges":0,"naturesVeilMax":0,"bardLevel":0,"bardicInspirationCharges":0,"bardicInspirationMax":0}
Actual: {"hp":12,"maxHp":12,"tempHp":0,"deathSavesSuccesses":0,"deathSavesFailures":0,"stable":false,"dead":false,"blinded":false,"charmed":false,"deafened":false,"exhaustion":0,"frightened":false,"grappled":false,"invisible":false,"paralyzed":false,"petrified":false,"poisoned":false,"prone":false,"restrained":false,"stunned":false,"unconscious":false,"incapacitatedSources":{},"hitDiceRemaining":{"barbarian":0,"bard":0,"cleric":0,"druid":0,"fighter":0,"monk":0,"paladin":0,"ranger":0,"rogue":0,"sorcerer":0,"warlock":18,"wizard":0},"activeEffects":[],"movementRemaining":26,"effectiveSpeed":26,"actionsRemaining":1,"attackActionUsed":false,"bonusActionUsed":false,"reactionAvailable":true,"freeInteractionUsed":false,"extraAttacksRemaining":0,"disengaged":false,"dodging":false,"readiedAction":false,"bonusActionSpellCast":false,"nonCantripActionSpellCast":false,"bonusMovementRemaining":0,"bonusMovementOAFree":false,"actionSurgeActionPending":false,"slotExpendedThisTurn":false,"turnPhase":"acting","slotsMax":[0,0,0,0,0,0,0,0,0],"slotsCurrent":[0,0,0,0,0,0,0,0,0],"pactSlotsMax":4,"pactSlotsCurrent":4,"pactSlotLevel":5,"concentrationSpellId":"","creatureKind":"PC","legendaryActionsRemaining":0,"legendaryResistancesRemaining":0,"rechargeAvailable":{},"dailyUsesRemaining":{},"secondWindCharges":0,"secondWindMax":0,"actionSurgeCharges":0,"actionSurgeMax":0,"actionSurgeUsedThisTurn":false,"indomitableCharges":0,"indomitableMax":0,"heroicInspiration":false,"fighterLevel":0,"barbarianLevel":0,"raging":false,"rageCharges":0,"rageMaxCharges":0,"rageTurnsRemaining":0,"attackedOrForcedSaveThisTurn":false,"rageExtendedWithBA":false,"recklessThisTurn":false,"frenzyUsedThisTurn":false,"intimidatingPresenceUsed":false,"relentlessRageTimesUsed":0,"brutalStrikeUsedThisTurn":false,"monkLevel":0,"focusPoints":0,"focusMax":0,"uncannyMetabolismUsed":false,"stunningStrikeUsedThisTurn":false,"wholenessCharges":0,"wholenessMax":0,"paladinLevel":0,"layOnHandsPool":0,"layOnHandsMax":0,"paladinChannelDivinityCharges":0,"paladinChannelDivinityMax":0,"smiteFreeUsed":false,"rogueLevel":0,"sneakAttackUsedThisTurn":false,"steadyAimUsedThisTurn":false,"cunningStrikeUsesThisTurn":0,"clericLevel":0,"clericChannelDivinityCharges":0,"clericChannelDivinityMax":0,"druidLevel":0,"wildShapeCharges":0,"wildShapeMax":0,"inWildShape":false,"wildResurgenceSlotUsedThisLR":false,"sorcererLevel":0,"sorceryPoints":0,"sorceryPointsMax":0,"sorcerousRestorationUsed":false,"innateSorceryActive":false,"innateSorceryCharges":2,"innateSorceryTurnsRemaining":0,"metamagicUsedThisCast":{},"apotheosisUsedThisTurn":false,"warlockLevel":18,"mysticArcanumUsed":{},"magicalCunningUsed":false,"eldritchSmiteUsedThisTurn":false,"wizardLevel":0,"arcaneRecoveryUsed":false,"overchannelUsesThisLR":0,"rangerLevel":0,"huntersMarkFreeUses":0,"tirelessCharges":0,"tirelessMax":0,"naturesVeilCharges":0,"naturesVeilMax":0,"bardLevel":0,"bardicInspirationCharges":0,"bardicInspirationMax":0}

[32m- Expected[39m
[31m+ Received[39m

[33m@@ -79,11 +79,11 @@[39m
[2m    "maxHp": 12,[22m
[2m    "metamagicUsedThisCast": Set {},[22m
[2m    "monkLevel": 0,[22m
[2m    "movementRemaining": 26,[22m
[2m    "mysticArcanumUsed": Set {[22m
[32m-     8n,[39m
[31m+     8,[39m
[2m    },[22m
[2m    "naturesVeilCharges": 0,[22m
[2m    "naturesVeilMax": 0,[22m
[2m    "nonCantripActionSpellCast": false,[22m
[2m    "overchannelUsesThisLR": 0,[22m

 ❯ next ../node_modules/.pnpm/@firfi+quint-connect@0.7.3_effect@3.21.0_vitest@3.2.4_@types+node@22.19.15_jiti@2.6.1_j_9c294d493b9779903aeaa7b50aa9f3e2/node_modules/@firfi/quint-connect/src/runner/runner.ts:243:25
 ❯ body ../node_modules/.pnpm/effect@3.21.0/node_modules/effect/src/internal/fiberRuntime.ts:198:67
 ❯ internalCall ../node_modules/.pnpm/effect@3.21.0/node_modules/effect/src/Utils.ts:779:12
 ❯ Object.Iterator ../node_modules/.pnpm/effect@3.21.0/node_modules/effect/src/internal/fiberRuntime.ts:198:21
 ❯ FiberRuntime.Sync ../node_modules/.pnpm/effect@3.21.0/node_modules/effect/src/internal/fiberRuntime.ts:1169:37
 ❯ f ../node_modules/.pnpm/effect@3.21.0/node_modules/effect/src/internal/fiberRuntime.ts:1398:53
 ❯ Object.context ../node_modules/.pnpm/effect@3.21.0/node_modules/effect/src/internal/tracer.ts:101:19
 ❯ FiberRuntime.runLoop ../node_modules/.pnpm/effect@3.21.0/node_modules/effect/src/internal/fiberRuntime.ts:1384:34
 ❯ FiberRuntime.evaluateEffect ../node_modules/.pnpm/effect@3.21.0/node_modules/effect/src/internal/fiberRuntime.ts:950:27

⎯⎯⎯⎯⎯⎯⎯⎯⎯⎯⎯⎯⎯⎯⎯⎯⎯⎯⎯⎯⎯⎯⎯⎯[1/1]⎯

FAIL (trace ?, step ?, action ?)
[806] 2026-04-04T02:26:53-07:00 seed=0xf5729a93 ... PASS
[28] 2026-04-04T02:27:07-07:00 seed=0x188bf31c ... PASS
[807] 2026-04-04T02:27:09-07:00 seed=0xb53dcc46 ... PASS
[808] 2026-04-04T02:27:26-07:00 seed=0x717eae9f ... PASS
[809] 2026-04-04T02:27:41-07:00 seed=0xb04d9ed5 ... PASS
[810] 2026-04-04T02:27:57-07:00 seed=0xf8880f64 ... PASS
[811] 2026-04-04T02:28:13-07:00 seed=0xa1ba7e99 ... PASS
[812] 2026-04-04T02:28:29-07:00 seed=0x1a55da43 ... PASS
[813] 2026-04-04T02:28:45-07:00 seed=0xb7e6e05d ... PASS
[814] 2026-04-04T02:29:00-07:00 seed=0x459b8089 ... PASS
[815] 2026-04-04T02:29:16-07:00 seed=0xf75494cb ... PASS
[816] 2026-04-04T02:29:32-07:00 seed=0x369013b0 ... PASS
[817] 2026-04-04T02:29:48-07:00 seed=0xe35e6cf2 ... PASS
[818] 2026-04-04T02:30:04-07:00 seed=0x46631f83 ... PASS
[819] 2026-04-04T02:30:19-07:00 seed=0x71fc7edb ... PASS
[820] 2026-04-04T02:30:35-07:00 seed=0xdca618da ... PASS
[821] 2026-04-04T02:30:51-07:00 seed=0x74380b0f ... PASS
[822] 2026-04-04T02:31:07-07:00 seed=0xcbddf163 ... PASS
[823] 2026-04-04T02:31:23-07:00 seed=0x9c27bb8a ... PASS
[824] 2026-04-04T02:31:39-07:00 seed=0xf8a18665 ... PASS
[825] 2026-04-04T02:31:55-07:00 seed=0xa7959f87 ... PASS
[826] 2026-04-04T02:32:11-07:00 seed=0x04147a5a ... PASS
[827] 2026-04-04T02:32:26-07:00 seed=0xcd080f48 ... PASS
[828] 2026-04-04T02:32:42-07:00 seed=0xdcb19e69 ... PASS
[829] 2026-04-04T02:32:58-07:00 seed=0xaa02fedc ... PASS
[830] 2026-04-04T02:33:14-07:00 seed=0x07b0980f ... PASS
[831] 2026-04-04T02:33:29-07:00 seed=0x45aa8229 ... PASS
[832] 2026-04-04T02:33:46-07:00 seed=0x77e07f16 ... PASS
[833] 2026-04-04T02:34:01-07:00 seed=0x48c7e6b4 ... PASS
[834] 2026-04-04T02:34:17-07:00 seed=0x74e15c20 ... PASS
[835] 2026-04-04T02:34:33-07:00 seed=0x54ed4c3d ... PASS
[836] 2026-04-04T02:34:49-07:00 seed=0xf9e24c6a ... PASS
[837] 2026-04-04T02:35:06-07:00 seed=0x24d651da ... PASS
[838] 2026-04-04T02:35:22-07:00 seed=0xfac1c100 ... PASS
[839] 2026-04-04T02:35:39-07:00 seed=0x5c2668bc ... PASS
[840] 2026-04-04T02:35:57-07:00 seed=0x4ddb9010 ... PASS
[841] 2026-04-04T02:36:17-07:00 seed=0x1f99b9b5 ... PASS
[842] 2026-04-04T02:36:34-07:00 seed=0xacd33276 ... PASS
[843] 2026-04-04T02:36:54-07:00 seed=0x23be7321 ... PASS
[844] 2026-04-04T02:37:14-07:00 seed=0x13227d73 ... PASS
[845] 2026-04-04T02:37:32-07:00 seed=0x84ec5fd0 ... PASS
[846] 2026-04-04T02:37:50-07:00 seed=0x13a62194 ... PASS
[847] 2026-04-04T02:38:08-07:00 seed=0x6fe1f31a ... PASS
[848] 2026-04-04T02:38:25-07:00 seed=0xdb5952d4 ... PASS
[29] 2026-04-04T02:38:42-07:00 seed=0xfdb40e47 ... PASS
[849] 2026-04-04T02:38:43-07:00 seed=0x778c8c6a ... PASS
[850] 2026-04-04T02:39:00-07:00 seed=0x4e11af8d ... PASS
[851] 2026-04-04T02:39:16-07:00 seed=0x5c1d0d4c ... PASS
[852] 2026-04-04T02:39:32-07:00 seed=0x688be3a0 ... PASS
[853] 2026-04-04T02:39:48-07:00 seed=0x776818c5 ... PASS
[854] 2026-04-04T02:40:04-07:00 seed=0x43454b43 ... PASS
[855] 2026-04-04T02:40:20-07:00 seed=0x43858303 ... PASS
[856] 2026-04-04T02:40:36-07:00 seed=0xe39e3ccc ... PASS
[857] 2026-04-04T02:40:53-07:00 seed=0x31619ce9 ... PASS
[858] 2026-04-04T02:41:09-07:00 seed=0x9f4dfbe1 ... PASS
[859] 2026-04-04T02:41:24-07:00 seed=0x3db912fb ... PASS
[860] 2026-04-04T02:41:40-07:00 seed=0x614e40e6 ... PASS
[861] 2026-04-04T02:41:56-07:00 seed=0x01d400dd ... PASS
[862] 2026-04-04T02:42:12-07:00 seed=0xbf5ee4ec ... PASS
[863] 2026-04-04T02:42:28-07:00 seed=0x4f751c26 ... PASS
[864] 2026-04-04T02:42:44-07:00 seed=0x507978f9 ... PASS
[865] 2026-04-04T02:43:00-07:00 seed=0x07b70a3c ... PASS
[866] 2026-04-04T02:43:16-07:00 seed=0x242b3bb7 ... PASS
[867] 2026-04-04T02:43:32-07:00 seed=0x4f5afe2f ... PASS
[868] 2026-04-04T02:43:47-07:00 seed=0x7c5a34d8 ... PASS
[869] 2026-04-04T02:44:03-07:00 seed=0x9a1f0beb ... PASS
[30] 2026-04-04T02:44:07-07:00 seed=0xfe3f810e ... PASS
[870] 2026-04-04T02:44:19-07:00 seed=0xee30dc48 ... PASS
[871] 2026-04-04T02:44:35-07:00 seed=0x58f7b0a1 ... PASS
[872] 2026-04-04T02:44:51-07:00 seed=0x2fb35c5d ... PASS
[873] 2026-04-04T02:45:07-07:00 seed=0x3aa996be ... PASS
[874] 2026-04-04T02:45:23-07:00 seed=0x1e1edd22 ... PASS
[875] 2026-04-04T02:45:39-07:00 seed=0x16f49df9 ... PASS
[876] 2026-04-04T02:45:54-07:00 seed=0x304c4043 ... PASS
[877] 2026-04-04T02:46:10-07:00 seed=0x06cb557f ... PASS
[878] 2026-04-04T02:46:26-07:00 seed=0x9a155c3b ... PASS
[879] 2026-04-04T02:46:42-07:00 seed=0x75f87800 ... PASS
[880] 2026-04-04T02:46:57-07:00 seed=0x40ecfe55 ... PASS
[881] 2026-04-04T02:47:13-07:00 seed=0x59171c8c ... PASS
[882] 2026-04-04T02:47:29-07:00 seed=0x592678d6 ... PASS
[883] 2026-04-04T02:47:45-07:00 seed=0xfb08c901 ... PASS
[31] 2026-04-04T02:47:56-07:00 seed=0xd262f7fe ... PASS
[884] 2026-04-04T02:48:01-07:00 seed=0x651ded13 ... PASS
[885] 2026-04-04T02:48:17-07:00 seed=0xe78d7c8e ... PASS
[886] 2026-04-04T02:48:33-07:00 seed=0x4d84b01b ... PASS
[887] 2026-04-04T02:48:49-07:00 seed=0x89dc3ef3 ... PASS
[888] 2026-04-04T02:49:05-07:00 seed=0x12112609 ... PASS
[889] 2026-04-04T02:49:21-07:00 seed=0xcc62d7d9 ... PASS
[890] 2026-04-04T02:49:37-07:00 seed=0xe667749e ... PASS
[891] 2026-04-04T02:49:53-07:00 seed=0x4c3825f2 ... PASS
[892] 2026-04-04T02:50:09-07:00 seed=0xd92f05c9 ... PASS
[893] 2026-04-04T02:50:25-07:00 seed=0x0a21350e ... PASS
[894] 2026-04-04T02:50:41-07:00 seed=0x0f66460f ... PASS
[895] 2026-04-04T02:50:57-07:00 seed=0x788828af ... PASS
[896] 2026-04-04T02:51:13-07:00 seed=0x94089c86 ... PASS
[897] 2026-04-04T02:51:29-07:00 seed=0x8e8fafc9 ... PASS
[898] 2026-04-04T02:51:45-07:00 seed=0xc65a53b7 ... PASS
[899] 2026-04-04T02:52:01-07:00 seed=0x3c41fff7 ... PASS
[900] 2026-04-04T02:52:17-07:00 seed=0xf5c61ed5 ... PASS
[901] 2026-04-04T02:52:33-07:00 seed=0x95eb5ccf ... PASS
[902] 2026-04-04T02:52:48-07:00 seed=0xc6100450 ... PASS
[903] 2026-04-04T02:53:05-07:00 seed=0x30e60f0a ... PASS
[904] 2026-04-04T02:53:20-07:00 seed=0xcc3c617d ... PASS
[905] 2026-04-04T02:53:36-07:00 seed=0x7f5c345a ... PASS
[906] 2026-04-04T02:53:52-07:00 seed=0xf2c3857c ... PASS
[907] 2026-04-04T02:54:09-07:00 seed=0xccf35891 ... PASS
[908] 2026-04-04T02:54:25-07:00 seed=0xe015847b ... PASS
[909] 2026-04-04T02:54:40-07:00 seed=0x066556cd ... PASS
[910] 2026-04-04T02:54:56-07:00 seed=0xba847ee8 ... PASS
[911] 2026-04-04T02:55:12-07:00 seed=0xe7d958de ... PASS
[912] 2026-04-04T02:55:28-07:00 seed=0x58441d2b ... PASS
[913] 2026-04-04T02:55:43-07:00 seed=0x597d442c ... PASS
[914] 2026-04-04T02:55:59-07:00 seed=0x37a53502 ... PASS
[915] 2026-04-04T02:56:15-07:00 seed=0x963e2c2e ... PASS
[916] 2026-04-04T02:56:31-07:00 seed=0x97451c48 ... PASS
[917] 2026-04-04T02:56:47-07:00 seed=0x6e508607 ... PASS
[918] 2026-04-04T02:57:03-07:00 seed=0xbbe67dcc ... PASS
[919] 2026-04-04T02:57:18-07:00 seed=0x8d7fe926 ... PASS
[32] 2026-04-04T02:57:22-07:00 seed=0xb2138c1a ... PASS
[920] 2026-04-04T02:57:34-07:00 seed=0x2d1f5b01 ... PASS
[921] 2026-04-04T02:57:50-07:00 seed=0x557a7749 ... PASS
[922] 2026-04-04T02:58:06-07:00 seed=0x2d67be55 ... PASS
[923] 2026-04-04T02:58:22-07:00 seed=0xd893153e ... PASS
[924] 2026-04-04T02:58:38-07:00 seed=0x6aa0158e ... PASS
[925] 2026-04-04T02:58:53-07:00 seed=0x90fc29fe ... PASS
[926] 2026-04-04T02:59:10-07:00 seed=0xc3ba5e60 ... PASS
[927] 2026-04-04T02:59:25-07:00 seed=0xe7b84f4e ... PASS
[928] 2026-04-04T02:59:41-07:00 seed=0x82189ec8 ... PASS
[929] 2026-04-04T02:59:57-07:00 seed=0xd225ca58 ... PASS
[930] 2026-04-04T03:00:13-07:00 seed=0x682ee968 ... PASS
[931] 2026-04-04T03:00:29-07:00 seed=0x11c59e79 ... PASS
[33] 2026-04-04T03:00:33-07:00 seed=0xe165d1cd ... PASS
[932] 2026-04-04T03:00:45-07:00 seed=0xdc67e1f4 ... PASS
[933] 2026-04-04T03:01:01-07:00 seed=0x01bdd368 ... PASS
[934] 2026-04-04T03:01:16-07:00 seed=0xdd543231 ... PASS
[935] 2026-04-04T03:01:32-07:00 seed=0x85a14f93 ... PASS
[936] 2026-04-04T03:01:48-07:00 seed=0xcabb423b ... PASS
[937] 2026-04-04T03:02:04-07:00 seed=0xc4b15d96 ... PASS
[938] 2026-04-04T03:02:20-07:00 seed=0xc16b27ed ... PASS
[939] 2026-04-04T03:02:36-07:00 seed=0xa8cc5dd9 ... PASS
[940] 2026-04-04T03:02:51-07:00 seed=0x1dde3f98 ... PASS
[941] 2026-04-04T03:03:08-07:00 seed=0x49d38337 ... PASS
[942] 2026-04-04T03:03:24-07:00 seed=0x8d75194d ... PASS
[943] 2026-04-04T03:03:39-07:00 seed=0xe588912e ... PASS
[944] 2026-04-04T03:03:55-07:00 seed=0xb6efbe9c ... PASS
[945] 2026-04-04T03:04:11-07:00 seed=0x114594f5 ... PASS
[946] 2026-04-04T03:04:27-07:00 seed=0x5e6b631f ... PASS
[947] 2026-04-04T03:04:43-07:00 seed=0x161ab2d5 ... PASS
[948] 2026-04-04T03:04:59-07:00 seed=0x8e7fe1c5 ... PASS
[949] 2026-04-04T03:05:15-07:00 seed=0x2518a939 ... PASS
[950] 2026-04-04T03:05:31-07:00 seed=0x539677bb ... PASS
[951] 2026-04-04T03:05:47-07:00 seed=0x5fd92ada ... PASS
[952] 2026-04-04T03:06:03-07:00 seed=0x3618b11b ... PASS
[953] 2026-04-04T03:06:19-07:00 seed=0xa1fe7e7d ... PASS
[954] 2026-04-04T03:06:35-07:00 seed=0x21b15c7a ... PASS
[955] 2026-04-04T03:06:51-07:00 seed=0x04f19020 ... PASS
[956] 2026-04-04T03:07:07-07:00 seed=0x3a80e6eb ... PASS
[957] 2026-04-04T03:07:23-07:00 seed=0xd1db9d6d ... PASS
[958] 2026-04-04T03:07:39-07:00 seed=0x903d621d ... PASS
[959] 2026-04-04T03:07:55-07:00 seed=0x58ab6870 ... PASS
[960] 2026-04-04T03:08:11-07:00 seed=0x266cbe50 ... PASS
[961] 2026-04-04T03:08:27-07:00 seed=0x46a8a55d ... PASS
[962] 2026-04-04T03:08:43-07:00 seed=0xab74472c ... PASS
[963] 2026-04-04T03:08:59-07:00 seed=0x15480e72 ... PASS
[964] 2026-04-04T03:09:15-07:00 seed=0x2dae3756 ... PASS
[965] 2026-04-04T03:09:31-07:00 seed=0x72622730 ... PASS
[966] 2026-04-04T03:09:46-07:00 seed=0x1ba1faf7 ... PASS
[967] 2026-04-04T03:10:02-07:00 seed=0xe099b333 ... PASS
[968] 2026-04-04T03:10:18-07:00 seed=0xf2d051b7 ... PASS
[969] 2026-04-04T03:10:34-07:00 seed=0xf0e9e1f4 ... PASS
[34] 2026-04-04T03:10:41-07:00 seed=0xa7bb9792 ... PASS
[970] 2026-04-04T03:10:50-07:00 seed=0x808d6a15 ... PASS
[971] 2026-04-04T03:11:06-07:00 seed=0x113bb4c4 ... PASS
[972] 2026-04-04T03:11:22-07:00 seed=0xe37a5a4a ... PASS
[973] 2026-04-04T03:11:38-07:00 seed=0x29f6b791 ... PASS
[974] 2026-04-04T03:11:54-07:00 seed=0x51337075 ... PASS
[975] 2026-04-04T03:12:12-07:00 seed=0x54c22293 ... PASS
[976] 2026-04-04T03:12:29-07:00 seed=0x472f7c17 ... PASS
[977] 2026-04-04T03:12:46-07:00 seed=0x7759389f ... PASS
[978] 2026-04-04T03:13:02-07:00 seed=0x9ab03348 ... PASS
[979] 2026-04-04T03:13:18-07:00 seed=0x0e8b2954 ... PASS
[980] 2026-04-04T03:13:34-07:00 seed=0x61062d58 ... PASS
[981] 2026-04-04T03:13:50-07:00 seed=0xca2a0417 ... PASS
[982] 2026-04-04T03:14:06-07:00 seed=0x27111b86 ... PASS
[983] 2026-04-04T03:14:22-07:00 seed=0x59f40f0b ... PASS
[984] 2026-04-04T03:14:38-07:00 seed=0xeccaaa79 ... PASS
[985] 2026-04-04T03:14:54-07:00 seed=0x08cb53a8 ... PASS
[986] 2026-04-04T03:15:10-07:00 seed=0xd8194f5b ... PASS
[987] 2026-04-04T03:15:26-07:00 seed=0x4b46960b ... PASS
[988] 2026-04-04T03:15:42-07:00 seed=0x6488ce36 ... PASS
[989] 2026-04-04T03:15:57-07:00 seed=0x0a713d8f ... PASS
[990] 2026-04-04T03:16:13-07:00 seed=0xf1f59315 ... PASS
[991] 2026-04-04T03:16:29-07:00 seed=0xa62283a1 ... PASS
[992] 2026-04-04T03:16:45-07:00 seed=0xe1885ce0 ... PASS
[993] 2026-04-04T03:17:01-07:00 seed=0xecdde6be ... PASS
[994] 2026-04-04T03:17:18-07:00 seed=0xe6d1008e ... PASS
[995] 2026-04-04T03:17:33-07:00 seed=0xb571e4aa ... PASS
[996] 2026-04-04T03:17:49-07:00 seed=0x31173d97 ... PASS
[997] 2026-04-04T03:18:06-07:00 seed=0xc2a1b3db ... PASS
[998] 2026-04-04T03:18:21-07:00 seed=0xbe5cd9d2 ... PASS
[999] 2026-04-04T03:18:37-07:00 seed=0xa0fce3c5 ... PASS
[1000] 2026-04-04T03:18:53-07:00 seed=0x5419c4ba ... PASS
[1001] 2026-04-04T03:19:09-07:00 seed=0x81842183 ... PASS
[1002] 2026-04-04T03:19:25-07:00 seed=0xd04bcd2e ... PASS
[1003] 2026-04-04T03:19:41-07:00 seed=0x6b7e0929 ... PASS
[35] 2026-04-04T03:19:44-07:00 seed=0x31e593a8 ... PASS
[1004] 2026-04-04T03:19:57-07:00 seed=0xe75b6bbb ... PASS
[1005] 2026-04-04T03:20:13-07:00 seed=0xa953f8e5 ... PASS
[1006] 2026-04-04T03:20:30-07:00 seed=0xc845b35b ... PASS
[1007] 2026-04-04T03:20:46-07:00 seed=0x7341a6b2 ... PASS
[1008] 2026-04-04T03:21:02-07:00 seed=0x581e73b7 ... PASS
[1009] 2026-04-04T03:21:18-07:00 seed=0x0223ec33 ... PASS
[1010] 2026-04-04T03:21:34-07:00 seed=0x5ceef259 ... PASS
[1011] 2026-04-04T03:21:49-07:00 seed=0x50bff0f3 ... PASS
[1012] 2026-04-04T03:22:06-07:00 seed=0xe2272bd1 ... PASS
[1013] 2026-04-04T03:22:22-07:00 seed=0xf0c8bf06 ... PASS
[1014] 2026-04-04T03:22:38-07:00 seed=0x39f18bfb ... PASS
[1015] 2026-04-04T03:22:53-07:00 seed=0x83b1e15f ... PASS
[1016] 2026-04-04T03:23:09-07:00 seed=0x1dd47ab4 ... PASS
[1017] 2026-04-04T03:23:26-07:00 seed=0x4a1dd69e ... PASS
[1018] 2026-04-04T03:23:41-07:00 seed=0xe9b801c5 ... PASS
[1019] 2026-04-04T03:23:57-07:00 seed=0xebfcbfdc ... PASS
[1020] 2026-04-04T03:24:12-07:00 seed=0xdb09ff08 ... PASS
[1021] 2026-04-04T03:24:28-07:00 seed=0xdbd6493b ... PASS
[1022] 2026-04-04T03:24:44-07:00 seed=0x6078eb49 ... PASS
[1023] 2026-04-04T03:25:00-07:00 seed=0x71cfd8f3 ... PASS
[1024] 2026-04-04T03:25:16-07:00 seed=0xdd8adec1 ... PASS
[1025] 2026-04-04T03:25:31-07:00 seed=0xe756b8a2 ... PASS
[1026] 2026-04-04T03:25:47-07:00 seed=0xd2fce2af ... PASS
[1027] 2026-04-04T03:26:03-07:00 seed=0x2635ea7f ... PASS
[1028] 2026-04-04T03:26:19-07:00 seed=0x25378df6 ... PASS
[1029] 2026-04-04T03:26:35-07:00 seed=0x745c1754 ... PASS
[1030] 2026-04-04T03:26:51-07:00 seed=0x4b8c3879 ... PASS
[1031] 2026-04-04T03:27:07-07:00 seed=0x0e6d90e0 ... PASS
[1032] 2026-04-04T03:27:22-07:00 seed=0xd12041d5 ... PASS
[1033] 2026-04-04T03:27:38-07:00 seed=0xf2c50a89 ... PASS
[1034] 2026-04-04T03:27:54-07:00 seed=0xffe6da6d ... PASS
[1035] 2026-04-04T03:28:10-07:00 seed=0x449baae0 ... PASS
[1036] 2026-04-04T03:28:25-07:00 seed=0x7dbb2d67 ... PASS
[1037] 2026-04-04T03:28:41-07:00 seed=0xf98791c0 ... PASS
[1038] 2026-04-04T03:28:57-07:00 seed=0x5c53ffe2 ... PASS
[1039] 2026-04-04T03:29:13-07:00 seed=0xe0c28b8d ... PASS
[1040] 2026-04-04T03:29:29-07:00 seed=0xc3f7787e ... PASS
[36] 2026-04-04T03:29:42-07:00 seed=0xde65b7f2 ... PASS
[1041] 2026-04-04T03:29:45-07:00 seed=0xbb54d407 ... PASS
[1042] 2026-04-04T03:30:01-07:00 seed=0xa0d378c0 ... PASS
[1043] 2026-04-04T03:30:17-07:00 seed=0xc8d8f454 ... PASS
[1044] 2026-04-04T03:30:33-07:00 seed=0xbe1f6d1f ... PASS
[1045] 2026-04-04T03:30:49-07:00 seed=0xbfdb6baf ... PASS
[1046] 2026-04-04T03:31:06-07:00 seed=0x3b774dcf ... PASS
[1047] 2026-04-04T03:31:21-07:00 seed=0x1af91b6f ... PASS
[1048] 2026-04-04T03:31:37-07:00 seed=0x1ffa54c3 ... PASS
[1049] 2026-04-04T03:31:53-07:00 seed=0x2aca2cac ... PASS
[1050] 2026-04-04T03:32:09-07:00 seed=0x58758e1e ... PASS
[1051] 2026-04-04T03:32:25-07:00 seed=0xd216ffa3 ... PASS
[1052] 2026-04-04T03:32:41-07:00 seed=0x8bf45276 ... PASS
[1053] 2026-04-04T03:32:57-07:00 seed=0x5745ad56 ... PASS
[1054] 2026-04-04T03:33:13-07:00 seed=0xc2eab96d ... PASS
[1055] 2026-04-04T03:33:29-07:00 seed=0x53508ebb ... PASS
[1056] 2026-04-04T03:33:45-07:00 seed=0x67b518f0 ... PASS
[1057] 2026-04-04T03:34:01-07:00 seed=0xa4b7de9e ... PASS
[1058] 2026-04-04T03:34:16-07:00 seed=0xc13ee2d3 ... PASS
[1059] 2026-04-04T03:34:32-07:00 seed=0x871c7c4b ... PASS
[1060] 2026-04-04T03:34:48-07:00 seed=0x09a66b07 ... PASS
[1061] 2026-04-04T03:35:05-07:00 seed=0xe30dccaa ... PASS
[1062] 2026-04-04T03:35:21-07:00 seed=0x6df9c801 ... PASS
[1063] 2026-04-04T03:35:37-07:00 seed=0x4e27932a ... PASS
[1064] 2026-04-04T03:35:52-07:00 seed=0xcae780be ... PASS
[1065] 2026-04-04T03:36:08-07:00 seed=0x95e2c196 ... PASS
[1066] 2026-04-04T03:36:25-07:00 seed=0xdbe8008e ... PASS
[1067] 2026-04-04T03:36:40-07:00 seed=0xf9f81aeb ... PASS
[1068] 2026-04-04T03:36:56-07:00 seed=0x90e296d0 ... PASS
[1069] 2026-04-04T03:37:12-07:00 seed=0xce0da37d ... PASS
[1070] 2026-04-04T03:37:27-07:00 seed=0x418cc1b4 ... PASS
[1071] 2026-04-04T03:37:43-07:00 seed=0xb1c6b283 ... PASS
[37] 2026-04-04T03:37:47-07:00 seed=0x53760d60 ... PASS
[1072] 2026-04-04T03:37:59-07:00 seed=0xeb94090e ... PASS
[1073] 2026-04-04T03:38:16-07:00 seed=0xaeed8d84 ... PASS
[1074] 2026-04-04T03:38:31-07:00 seed=0x934f7352 ... PASS
[1075] 2026-04-04T03:38:47-07:00 seed=0xa5584100 ... PASS
[1076] 2026-04-04T03:39:03-07:00 seed=0xc63b277a ... PASS
[1077] 2026-04-04T03:39:19-07:00 seed=0xd4920c11 ... PASS
[1078] 2026-04-04T03:39:35-07:00 seed=0x276cd2f4 ... PASS
[1079] 2026-04-04T03:39:51-07:00 seed=0x1b40a9d0 ... PASS
[1080] 2026-04-04T03:40:06-07:00 seed=0x7cf3a559 ... PASS
[1081] 2026-04-04T03:40:23-07:00 seed=0xa4a1942f ... PASS
[1082] 2026-04-04T03:40:39-07:00 seed=0x254675c9 ... PASS
[1083] 2026-04-04T03:40:54-07:00 seed=0xa27dd3c0 ... PASS
[1084] 2026-04-04T03:41:10-07:00 seed=0xe66b80e9 ... PASS
[1085] 2026-04-04T03:41:26-07:00 seed=0x19689ddf ... PASS
[1086] 2026-04-04T03:41:42-07:00 seed=0xc870c377 ... PASS
[1087] 2026-04-04T03:41:58-07:00 seed=0xd97ec065 ... PASS
[1088] 2026-04-04T03:42:14-07:00 seed=0xdde3a491 ... PASS
[1089] 2026-04-04T03:42:30-07:00 seed=0xd8e1ed8e ... PASS
[1090] 2026-04-04T03:42:45-07:00 seed=0xce12b45f ... PASS
[1091] 2026-04-04T03:43:01-07:00 seed=0xc8aff423 ... PASS
[1092] 2026-04-04T03:43:17-07:00 seed=0xd5e1e115 ... PASS
[1093] 2026-04-04T03:43:34-07:00 seed=0xef1ca938 ... PASS
[1094] 2026-04-04T03:43:49-07:00 seed=0xaae6db5c ... PASS
[1095] 2026-04-04T03:44:05-07:00 seed=0xfcae23fd ... PASS
[1096] 2026-04-04T03:44:21-07:00 seed=0xe497200b ... PASS
[1097] 2026-04-04T03:44:37-07:00 seed=0x0642681c ... PASS
[1098] 2026-04-04T03:44:53-07:00 seed=0xb4ee873f ... PASS
[1099] 2026-04-04T03:45:09-07:00 seed=0x59b7e9b5 ... PASS
[1100] 2026-04-04T03:45:25-07:00 seed=0x0e9d4f7a ... PASS
[1101] 2026-04-04T03:45:41-07:00 seed=0x1e754a37 ... PASS
[1102] 2026-04-04T03:45:56-07:00 seed=0x8c9d70ac ... PASS
[1103] 2026-04-04T03:46:12-07:00 seed=0x7a0426bc ... PASS
[1104] 2026-04-04T03:46:28-07:00 seed=0x09dd448c ... PASS
[1105] 2026-04-04T03:46:44-07:00 seed=0x0317acda ... PASS
[1106] 2026-04-04T03:47:00-07:00 seed=0xdc7ef07e ... PASS
[38] 2026-04-04T03:47:15-07:00 seed=0x519fa100 ... PASS
[1107] 2026-04-04T03:47:15-07:00 seed=0x25088174 ... PASS
[1108] 2026-04-04T03:47:31-07:00 seed=0xb93d25d2 ... PASS
[1109] 2026-04-04T03:47:47-07:00 seed=0x1abf2f7a ... PASS
[1110] 2026-04-04T03:48:03-07:00 seed=0x68680e51 ... PASS
[1111] 2026-04-04T03:48:19-07:00 seed=0x440fba15 ... PASS
[1112] 2026-04-04T03:48:34-07:00 seed=0xf77cf11d ... PASS
[1113] 2026-04-04T03:48:51-07:00 seed=0xd0806d4b ... PASS
[1114] 2026-04-04T03:49:06-07:00 seed=0x9de9b776 ... PASS
[1115] 2026-04-04T03:49:22-07:00 seed=0xe6678806 ... PASS
[1116] 2026-04-04T03:49:38-07:00 seed=0x3e08c4f5 ... PASS
[1117] 2026-04-04T03:49:54-07:00 seed=0x6a8bdd94 ... PASS
[1118] 2026-04-04T03:50:11-07:00 seed=0x4745238e ... PASS
[1119] 2026-04-04T03:50:27-07:00 seed=0x9b65f0eb ... PASS
[1120] 2026-04-04T03:50:43-07:00 seed=0x8a4de3ac ... PASS
[1121] 2026-04-04T03:50:59-07:00 seed=0xa87cfec9 ... PASS
[1122] 2026-04-04T03:51:15-07:00 seed=0x4bd10a66 ... PASS
[1123] 2026-04-04T03:51:31-07:00 seed=0x850eb4d4 ... PASS
[1124] 2026-04-04T03:51:47-07:00 seed=0x2bb3301c ... PASS
[1125] 2026-04-04T03:52:03-07:00 seed=0x35d46a7f ... PASS
[1126] 2026-04-04T03:52:19-07:00 seed=0x9141cb20 ... PASS
[1127] 2026-04-04T03:52:35-07:00 seed=0xc3920501 ... PASS
[39] 2026-04-04T03:52:49-07:00 seed=0x91dcdd0c ... PASS
[1128] 2026-04-04T03:52:50-07:00 seed=0xaccbf0f1 ... PASS
[1129] 2026-04-04T03:53:06-07:00 seed=0xbff8014d ... PASS
[1130] 2026-04-04T03:53:22-07:00 seed=0xaa4aaf68 ... PASS
[1131] 2026-04-04T03:53:37-07:00 seed=0xfa8ee771 ... PASS
[1132] 2026-04-04T03:53:53-07:00 seed=0x79ef6649 ... PASS
[1133] 2026-04-04T03:54:09-07:00 seed=0x227d9ec7 ... PASS
[1134] 2026-04-04T03:54:25-07:00 seed=0x41f63653 ... PASS
[1135] 2026-04-04T03:54:41-07:00 seed=0xe4590662 ... PASS
[1136] 2026-04-04T03:54:56-07:00 seed=0x11c0d933 ... PASS
[1137] 2026-04-04T03:55:12-07:00 seed=0xe4404fb2 ... PASS
[1138] 2026-04-04T03:55:28-07:00 seed=0xc9000773 ... PASS
[1139] 2026-04-04T03:55:43-07:00 seed=0x1015a360 ... PASS
[1140] 2026-04-04T03:55:59-07:00 seed=0xdd8b94c8 ... PASS
[1141] 2026-04-04T03:56:15-07:00 seed=0x7175d8f4 ... PASS
[1142] 2026-04-04T03:56:32-07:00 seed=0xb19eb036 ... PASS
[1143] 2026-04-04T03:56:48-07:00 seed=0x8d00669a ... PASS
[1144] 2026-04-04T03:57:04-07:00 seed=0xf007aa94 ... PASS
[1145] 2026-04-04T03:57:20-07:00 seed=0x3389e75b ... PASS
[1146] 2026-04-04T03:57:36-07:00 seed=0x8bf6e44e ... PASS
[1147] 2026-04-04T03:57:52-07:00 seed=0x198a5828 ... PASS
[1148] 2026-04-04T03:58:08-07:00 seed=0x7816f9f3 ... PASS
[1149] 2026-04-04T03:58:24-07:00 seed=0x51a27968 ... PASS
[1150] 2026-04-04T03:58:40-07:00 seed=0x611a5410 ... PASS
[1151] 2026-04-04T03:58:56-07:00 seed=0x7bb7d030 ... PASS
[1152] 2026-04-04T03:59:12-07:00 seed=0x60611287 ... PASS
[1153] 2026-04-04T03:59:28-07:00 seed=0xc118812c ... PASS
[1154] 2026-04-04T03:59:44-07:00 seed=0x5532e77e ... PASS
[1155] 2026-04-04T04:00:00-07:00 seed=0x69100cf1 ... PASS
[1156] 2026-04-04T04:00:16-07:00 seed=0x1e6e4913 ... PASS
[1157] 2026-04-04T04:00:32-07:00 seed=0xb57ac294 ... PASS
[1158] 2026-04-04T04:00:49-07:00 seed=0xa8ab53b1 ... PASS
[1159] 2026-04-04T04:01:04-07:00 seed=0x721cec36 ... PASS
[40] 2026-04-04T04:01:12-07:00 seed=0x5e866cb5 ... PASS
[1160] 2026-04-04T04:01:20-07:00 seed=0xc5feadc2 ... PASS
[1161] 2026-04-04T04:01:36-07:00 seed=0x7a6d1415 ... PASS
[1162] 2026-04-04T04:01:52-07:00 seed=0x9ed6ceae ... PASS
[1163] 2026-04-04T04:02:08-07:00 seed=0x0b66b619 ... PASS
[1164] 2026-04-04T04:02:24-07:00 seed=0xc3cc23cf ... PASS
[1165] 2026-04-04T04:02:40-07:00 seed=0x6de589d1 ... PASS
[1166] 2026-04-04T04:02:55-07:00 seed=0xcd27fc66 ... PASS
[1167] 2026-04-04T04:03:11-07:00 seed=0x0fe9a164 ... PASS
[1168] 2026-04-04T04:03:27-07:00 seed=0xc7774248 ... PASS
[1169] 2026-04-04T04:03:43-07:00 seed=0x0b8cdb3b ... PASS
[1170] 2026-04-04T04:03:59-07:00 seed=0x1bd46773 ... PASS
[1171] 2026-04-04T04:04:15-07:00 seed=0x859ebfbe ... PASS
[1172] 2026-04-04T04:04:31-07:00 seed=0x5a3f0e8a ... PASS
[1173] 2026-04-04T04:04:46-07:00 seed=0x7b50f436 ... PASS
[1174] 2026-04-04T04:05:02-07:00 seed=0xd7ade608 ... PASS
[1175] 2026-04-04T04:05:18-07:00 seed=0x86790cff ... PASS
[1176] 2026-04-04T04:05:34-07:00 seed=0xbd74bbec ... PASS
[1177] 2026-04-04T04:05:50-07:00 seed=0xd2a3067b ... PASS
[1178] 2026-04-04T04:06:06-07:00 seed=0x91032b0f ... PASS
[1179] 2026-04-04T04:06:22-07:00 seed=0x0c0ec1ed ... PASS
[1180] 2026-04-04T04:06:38-07:00 seed=0x83647f2b ... PASS
[1181] 2026-04-04T04:06:54-07:00 seed=0xce8a6e55 ... PASS
[1182] 2026-04-04T04:07:10-07:00 seed=0xaea50905 ... PASS
[1183] 2026-04-04T04:07:26-07:00 seed=0x06f43be8 ... PASS
[1184] 2026-04-04T04:07:42-07:00 seed=0x9c831e2c ... PASS
[1185] 2026-04-04T04:07:58-07:00 seed=0xdf0497e8 ... PASS
[1186] 2026-04-04T04:08:14-07:00 seed=0x1eba6e6d ... PASS
[1187] 2026-04-04T04:08:30-07:00 seed=0x6bac7318 ... PASS
[1188] 2026-04-04T04:08:46-07:00 seed=0x53ae1cec ... PASS
[1189] 2026-04-04T04:09:03-07:00 seed=0xe543cd28 ... PASS
[41] 2026-04-04T04:09:15-07:00 seed=0x44582229 ... PASS
[1190] 2026-04-04T04:09:18-07:00 seed=0x3201eb6d ... PASS
[1191] 2026-04-04T04:09:35-07:00 seed=0xf996de3b ... PASS
[1192] 2026-04-04T04:09:51-07:00 seed=0x26ce1178 ... PASS
[1193] 2026-04-04T04:10:07-07:00 seed=0x8a2333eb ... PASS
[1194] 2026-04-04T04:10:23-07:00 seed=0x686b7a84 ... PASS
[1195] 2026-04-04T04:10:39-07:00 seed=0xb262a35f ... PASS
[1196] 2026-04-04T04:10:55-07:00 seed=0x57478456 ... PASS
[1197] 2026-04-04T04:11:11-07:00 seed=0x389f4448 ... PASS
[1198] 2026-04-04T04:11:27-07:00 seed=0x8d4dfeaf ... PASS
[1199] 2026-04-04T04:11:42-07:00 seed=0xe79c570c ... PASS
[1200] 2026-04-04T04:11:58-07:00 seed=0x31b875a3 ... PASS
[1201] 2026-04-04T04:12:16-07:00 seed=0xb494494e ... PASS
[1202] 2026-04-04T04:12:35-07:00 seed=0x96ade074 ... PASS
[1203] 2026-04-04T04:12:51-07:00 seed=0xec6fa98b ... PASS
[1204] 2026-04-04T04:13:07-07:00 seed=0x96939e19 ... PASS
[1205] 2026-04-04T04:13:23-07:00 seed=0xf2b4b0af ... PASS
[1206] 2026-04-04T04:13:39-07:00 seed=0xb9edfdc8 ... PASS
[42] 2026-04-04T04:13:44-07:00 seed=0x3a408a4a ... PASS
[1207] 2026-04-04T04:13:56-07:00 seed=0x01a01838 ... PASS
[1208] 2026-04-04T04:14:12-07:00 seed=0xab1941d3 ... PASS
[1209] 2026-04-04T04:14:28-07:00 seed=0xfbd86590 ... PASS
[1210] 2026-04-04T04:14:44-07:00 seed=0x05dc492c ... PASS
[1211] 2026-04-04T04:15:00-07:00 seed=0x31f7c0f5 ... PASS
[1212] 2026-04-04T04:15:16-07:00 seed=0x99ed6455 ... PASS
[1213] 2026-04-04T04:15:31-07:00 seed=0x49b9a647 ... PASS
[1214] 2026-04-04T04:15:47-07:00 seed=0x70dbce5f ... PASS
[1215] 2026-04-04T04:16:03-07:00 seed=0xfb81df37 ... PASS
[1216] 2026-04-04T04:16:19-07:00 seed=0x38d6662c ... PASS
[1217] 2026-04-04T04:16:34-07:00 seed=0xd29a9557 ... PASS
[1218] 2026-04-04T04:16:50-07:00 seed=0x22968f49 ... PASS
[1219] 2026-04-04T04:17:07-07:00 seed=0x6b883dbd ... PASS
[1220] 2026-04-04T04:17:23-07:00 seed=0x1c4779e2 ... PASS
[1221] 2026-04-04T04:17:39-07:00 seed=0x6b3124bf ... PASS
[1222] 2026-04-04T04:17:54-07:00 seed=0xd025b1e0 ... PASS
[1223] 2026-04-04T04:18:10-07:00 seed=0xe1ea1ace ... PASS
[1224] 2026-04-04T04:18:26-07:00 seed=0x1f3f2d9a ... PASS
[1225] 2026-04-04T04:18:42-07:00 seed=0x552ca426 ... PASS
[1226] 2026-04-04T04:18:58-07:00 seed=0x71cbab06 ... PASS
[1227] 2026-04-04T04:19:14-07:00 seed=0x5abc35a3 ... PASS
[1228] 2026-04-04T04:19:30-07:00 seed=0x1fd6b4ef ... PASS
[43] 2026-04-04T04:19:43-07:00 seed=0x935da35c ... PASS
[1229] 2026-04-04T04:19:46-07:00 seed=0xfaa85582 ... PASS
[1230] 2026-04-04T04:20:02-07:00 seed=0x0f7a44db ... PASS
[1231] 2026-04-04T04:20:18-07:00 seed=0x2190e021 ... PASS
[1232] 2026-04-04T04:20:34-07:00 seed=0x36b0b0dd ... PASS
[1233] 2026-04-04T04:20:50-07:00 seed=0xe0319d82 ... PASS
[1234] 2026-04-04T04:21:06-07:00 seed=0xc2a7195e ... PASS
[1235] 2026-04-04T04:21:22-07:00 seed=0xe2847ca9 ... PASS
[1236] 2026-04-04T04:21:38-07:00 seed=0x1d21a835 ... PASS
[1237] 2026-04-04T04:21:54-07:00 seed=0x5b670b85 ... PASS
[1238] 2026-04-04T04:22:10-07:00 seed=0x1ac6232c ... PASS
[1239] 2026-04-04T04:22:26-07:00 seed=0xc6bc822b ... PASS
[1240] 2026-04-04T04:22:42-07:00 seed=0x186ea739 ... PASS
[1241] 2026-04-04T04:22:57-07:00 seed=0x35cfd11b ... PASS
[1242] 2026-04-04T04:23:13-07:00 seed=0x381ea24c ... PASS
[1243] 2026-04-04T04:23:29-07:00 seed=0x45906ecb ... PASS
[1244] 2026-04-04T04:23:45-07:00 seed=0xd9a5c6d1 ... PASS
[1245] 2026-04-04T04:24:01-07:00 seed=0xb3bc19c3 ... PASS
[1246] 2026-04-04T04:24:16-07:00 seed=0x7f3b3b55 ... PASS
[1247] 2026-04-04T04:24:32-07:00 seed=0x4acad383 ... PASS
[1248] 2026-04-04T04:24:48-07:00 seed=0x9a1517d5 ... PASS
[1249] 2026-04-04T04:25:04-07:00 seed=0x7682eed5 ... PASS
[1250] 2026-04-04T04:25:20-07:00 seed=0x2e49d2c3 ... PASS
[1251] 2026-04-04T04:25:36-07:00 seed=0x41ef43b2 ... PASS
[1252] 2026-04-04T04:25:52-07:00 seed=0x025c9cd4 ... PASS
[1253] 2026-04-04T04:26:08-07:00 seed=0x3da71e04 ... PASS
[1254] 2026-04-04T04:26:24-07:00 seed=0x38bfbd57 ... PASS
[1255] 2026-04-04T04:26:40-07:00 seed=0x380a04f6 ... PASS
[1256] 2026-04-04T04:26:56-07:00 seed=0x1703aa9b ... PASS
[1257] 2026-04-04T04:27:12-07:00 seed=0x00cb53fc ... PASS
[1258] 2026-04-04T04:27:28-07:00 seed=0x61970341 ... PASS
[1259] 2026-04-04T04:27:44-07:00 seed=0x8b1fe2a4 ... PASS
[1260] 2026-04-04T04:27:59-07:00 seed=0x6729f3c6 ... PASS
[1261] 2026-04-04T04:28:15-07:00 seed=0x8fe40a42 ... PASS
[1262] 2026-04-04T04:28:31-07:00 seed=0xe79ba214 ... PASS
[1263] 2026-04-04T04:28:47-07:00 seed=0xcc884eb5 ... PASS
[1264] 2026-04-04T04:29:02-07:00 seed=0xc7f08ea3 ... PASS
[1265] 2026-04-04T04:29:18-07:00 seed=0x871d2150 ... PASS
[1266] 2026-04-04T04:29:34-07:00 seed=0xcd1c371b ... PASS
[1267] 2026-04-04T04:29:50-07:00 seed=0xe5a435ce ... PASS
[44] 2026-04-04T04:30:02-07:00 seed=0x0ac947ee ... PASS
[1268] 2026-04-04T04:30:06-07:00 seed=0x26844f5b ... PASS
[1269] 2026-04-04T04:30:22-07:00 seed=0x7be7c9ef ... PASS
[1270] 2026-04-04T04:30:38-07:00 seed=0x83377d9f ... PASS
[1271] 2026-04-04T04:30:54-07:00 seed=0xdb938749 ... PASS
[1272] 2026-04-04T04:31:09-07:00 seed=0xbb7a5d0e ... PASS
[1273] 2026-04-04T04:31:25-07:00 seed=0xa207c6cb ... PASS
[1274] 2026-04-04T04:31:41-07:00 seed=0x5a8da483 ... PASS
[1275] 2026-04-04T04:31:57-07:00 seed=0x35631381 ... PASS
[1276] 2026-04-04T04:32:13-07:00 seed=0x080c07a6 ... PASS
[1277] 2026-04-04T04:32:29-07:00 seed=0x82dcd392 ... PASS
[1278] 2026-04-04T04:32:45-07:00 seed=0x74caf366 ... PASS
[1279] 2026-04-04T04:33:01-07:00 seed=0x4b30b0a2 ... PASS
[1280] 2026-04-04T04:33:17-07:00 seed=0x2d64dbb4 ... PASS
[1281] 2026-04-04T04:33:33-07:00 seed=0xb63f6b1a ... PASS
[1282] 2026-04-04T04:33:49-07:00 seed=0x7b87e07b ... PASS
[1283] 2026-04-04T04:34:05-07:00 seed=0x6ce01fee ... PASS
[1284] 2026-04-04T04:34:20-07:00 seed=0x2568c3a3 ... PASS
[1285] 2026-04-04T04:34:36-07:00 seed=0x21f94d49 ... PASS
[1286] 2026-04-04T04:34:52-07:00 seed=0x7bffcc45 ... PASS
[45] 2026-04-04T04:34:56-07:00 seed=0x7f277421 ... PASS
[1287] 2026-04-04T04:35:08-07:00 seed=0xf03ac835 ... PASS
[1288] 2026-04-04T04:35:24-07:00 seed=0x5e9dadb6 ... PASS
[1289] 2026-04-04T04:35:40-07:00 seed=0x16cddec9 ... PASS
[1290] 2026-04-04T04:35:56-07:00 seed=0x61d4788b ... PASS
[1291] 2026-04-04T04:36:12-07:00 seed=0x4b8cbcf3 ... PASS
[1292] 2026-04-04T04:36:28-07:00 seed=0x098494d5 ... PASS
[1293] 2026-04-04T04:36:44-07:00 seed=0x8bca08cd ... PASS
[1294] 2026-04-04T04:37:00-07:00 seed=0xf1efa900 ... PASS
[1295] 2026-04-04T04:37:16-07:00 seed=0x7d34afdf ... PASS
[1296] 2026-04-04T04:37:32-07:00 seed=0x816d0d48 ... PASS
[1297] 2026-04-04T04:37:48-07:00 seed=0xc3283cbf ... PASS
[1298] 2026-04-04T04:38:04-07:00 seed=0xb687ed95 ... PASS
[1299] 2026-04-04T04:38:20-07:00 seed=0xa960b40b ... PASS
[1300] 2026-04-04T04:38:36-07:00 seed=0xc6416aff ... PASS
[1301] 2026-04-04T04:38:52-07:00 seed=0x664161a0 ... PASS
[1302] 2026-04-04T04:39:08-07:00 seed=0x549f65f6 ... PASS
[1303] 2026-04-04T04:39:23-07:00 seed=0x287b6845 ... PASS
[1304] 2026-04-04T04:39:39-07:00 seed=0x92dce6c3 ... PASS
[1305] 2026-04-04T04:39:56-07:00 seed=0x4d4341cd ... PASS
[1306] 2026-04-04T04:40:12-07:00 seed=0xadfaf2c9 ... PASS
[1307] 2026-04-04T04:40:28-07:00 seed=0x87c9484b ... PASS
[1308] 2026-04-04T04:40:44-07:00 seed=0xa4563736 ... PASS
[1309] 2026-04-04T04:40:59-07:00 seed=0x08c46e59 ... PASS
[1310] 2026-04-04T04:41:15-07:00 seed=0x21f9a6b2 ... PASS
[46] 2026-04-04T04:41:25-07:00 seed=0xb38fb2c4 ... PASS
[1311] 2026-04-04T04:41:31-07:00 seed=0xcd64e80e ... PASS
[1312] 2026-04-04T04:41:47-07:00 seed=0xc59245e4 ... PASS
[1313] 2026-04-04T04:42:03-07:00 seed=0x9a221dfa ... PASS
[1314] 2026-04-04T04:42:19-07:00 seed=0x8afd8320 ... PASS
[1315] 2026-04-04T04:42:35-07:00 seed=0xb7161f48 ... PASS
[1316] 2026-04-04T04:42:51-07:00 seed=0xdf3de6fb ... PASS
[1317] 2026-04-04T04:43:08-07:00 seed=0xda3eeced ... PASS
[1318] 2026-04-04T04:43:24-07:00 seed=0x88749151 ... PASS
[1319] 2026-04-04T04:43:39-07:00 seed=0x53509353 ... PASS
[1320] 2026-04-04T04:43:55-07:00 seed=0x018de137 ... PASS
[1321] 2026-04-04T04:44:11-07:00 seed=0x5a42a618 ... PASS
[1322] 2026-04-04T04:44:27-07:00 seed=0x14e975e0 ... PASS
[1323] 2026-04-04T04:44:43-07:00 seed=0x830eec98 ... PASS
[1324] 2026-04-04T04:44:59-07:00 seed=0x41e1bb93 ... PASS
[1325] 2026-04-04T04:45:15-07:00 seed=0x19d2de61 ... PASS
[1326] 2026-04-04T04:45:32-07:00 seed=0x89f764ec ... PASS
[1327] 2026-04-04T04:45:48-07:00 seed=0x8194694f ... PASS
[1328] 2026-04-04T04:46:04-07:00 seed=0xae4cef3b ... PASS
[1329] 2026-04-04T04:46:20-07:00 seed=0xce7cabf9 ... PASS
[1330] 2026-04-04T04:46:36-07:00 seed=0xb3286e30 ... PASS
[1331] 2026-04-04T04:46:52-07:00 seed=0xd702b330 ... PASS
[1332] 2026-04-04T04:47:08-07:00 seed=0xb1acfffd ... PASS
[47] 2026-04-04T04:47:25-07:00 seed=0x3cc3c4b4 ... PASS
[1333] 2026-04-04T04:47:25-07:00 seed=0x64e983ca ... PASS
[1334] 2026-04-04T04:47:41-07:00 seed=0xa14bc0ad ... PASS
[1335] 2026-04-04T04:47:57-07:00 seed=0x2e241b42 ... PASS
[1336] 2026-04-04T04:48:13-07:00 seed=0xd79e1ddb ... PASS
[1337] 2026-04-04T04:48:29-07:00 seed=0xe82900b2 ... PASS
[1338] 2026-04-04T04:48:45-07:00 seed=0x4f11eac4 ... PASS
[1339] 2026-04-04T04:49:01-07:00 seed=0xb772c4d4 ... PASS
[1340] 2026-04-04T04:49:17-07:00 seed=0x7c0d4fa7 ... PASS
[1341] 2026-04-04T04:49:34-07:00 seed=0x3d700c20 ... PASS
[1342] 2026-04-04T04:49:49-07:00 seed=0x51fbf1d0 ... PASS
[1343] 2026-04-04T04:50:05-07:00 seed=0xf1ed7a48 ... PASS
[1344] 2026-04-04T04:50:21-07:00 seed=0x9ebca0c7 ... PASS
[1345] 2026-04-04T04:50:38-07:00 seed=0x0846f0f0 ... PASS
[1346] 2026-04-04T04:50:54-07:00 seed=0x09dd5b22 ... PASS
[1347] 2026-04-04T04:51:10-07:00 seed=0x450d5737 ... PASS
[1348] 2026-04-04T04:51:27-07:00 seed=0x9ffbfbef ... PASS
[1349] 2026-04-04T04:51:43-07:00 seed=0x8149fd8b ... PASS
[1350] 2026-04-04T04:51:59-07:00 seed=0xbe3a1ce5 ... PASS
[1351] 2026-04-04T04:52:15-07:00 seed=0x5617bf83 ... PASS
[1352] 2026-04-04T04:52:31-07:00 seed=0xd1e76cd6 ... PASS
[1353] 2026-04-04T04:52:47-07:00 seed=0x4205ca28 ... PASS
[1354] 2026-04-04T04:53:03-07:00 seed=0x93e18ce4 ... PASS
[1355] 2026-04-04T04:53:19-07:00 seed=0x2a4c6ba0 ... PASS
[1356] 2026-04-04T04:53:35-07:00 seed=0xd3655edc ... PASS
[1357] 2026-04-04T04:53:51-07:00 seed=0x645938c8 ... PASS
[1358] 2026-04-04T04:54:08-07:00 seed=0x8bf1fceb ... PASS
[1359] 2026-04-04T04:54:25-07:00 seed=0x6b6734ab ... PASS
[1360] 2026-04-04T04:54:41-07:00 seed=0x8c295472 ... PASS
[1361] 2026-04-04T04:54:57-07:00 seed=0x7b9e5328 ... PASS
[1362] 2026-04-04T04:55:13-07:00 seed=0x3d5d18e5 ... PASS
[1363] 2026-04-04T04:55:29-07:00 seed=0x1315a615 ... PASS
[1364] 2026-04-04T04:55:45-07:00 seed=0x69a4429b ... PASS
[1365] 2026-04-04T04:56:01-07:00 seed=0x0271d09e ... PASS
[1366] 2026-04-04T04:56:17-07:00 seed=0x66b752e3 ... PASS
[1367] 2026-04-04T04:56:33-07:00 seed=0x80f295e9 ... PASS
[1368] 2026-04-04T04:56:49-07:00 seed=0x2cd3e572 ... PASS
[1369] 2026-04-04T04:57:05-07:00 seed=0xb639677b ... PASS
[1370] 2026-04-04T04:57:21-07:00 seed=0x85beef8b ... PASS
[48] 2026-04-04T04:57:32-07:00 seed=0x097830dd ... PASS
[1371] 2026-04-04T04:57:37-07:00 seed=0x881e35bf ... PASS
[1372] 2026-04-04T04:57:54-07:00 seed=0x485161cc ... PASS
[1373] 2026-04-04T04:58:09-07:00 seed=0x4f3dfaba ... PASS
[1374] 2026-04-04T04:58:25-07:00 seed=0x4864abcf ... PASS
[1375] 2026-04-04T04:58:41-07:00 seed=0x57e7ef85 ... PASS
[1376] 2026-04-04T04:58:57-07:00 seed=0xbfa46594 ... PASS
[1377] 2026-04-04T04:59:13-07:00 seed=0x0c0e1c00 ... PASS
[1378] 2026-04-04T04:59:29-07:00 seed=0xb6be52dc ... PASS
[1379] 2026-04-04T04:59:45-07:00 seed=0xb0caf546 ... PASS
[1380] 2026-04-04T05:00:01-07:00 seed=0x44dfbc10 ... PASS
[1381] 2026-04-04T05:00:17-07:00 seed=0xa828d66c ... PASS
[1382] 2026-04-04T05:00:33-07:00 seed=0x50965db8 ... PASS
[1383] 2026-04-04T05:00:49-07:00 seed=0xf35013eb ... PASS
[1384] 2026-04-04T05:01:05-07:00 seed=0x1b1da1ad ... PASS
[1385] 2026-04-04T05:01:22-07:00 seed=0x7cba3a21 ... PASS
[1386] 2026-04-04T05:01:38-07:00 seed=0x8d0356dd ... PASS
[1387] 2026-04-04T05:01:54-07:00 seed=0x641cf145 ... PASS
[1388] 2026-04-04T05:02:10-07:00 seed=0xe9b86a83 ... PASS
[1389] 2026-04-04T05:02:26-07:00 seed=0xe2ad22d1 ... PASS
[1390] 2026-04-04T05:02:42-07:00 seed=0x596e426a ... PASS
[1391] 2026-04-04T05:02:58-07:00 seed=0xd32fb37a ... PASS
[49] 2026-04-04T05:03:01-07:00 seed=0x105bfff7 ... PASS
[1392] 2026-04-04T05:03:14-07:00 seed=0xf5fecb4e ... PASS
[1393] 2026-04-04T05:03:30-07:00 seed=0xa3efadb9 ... PASS
[1394] 2026-04-04T05:03:46-07:00 seed=0xa157b0a1 ... PASS
[1395] 2026-04-04T05:04:02-07:00 seed=0x3d8ce319 ... PASS
[1396] 2026-04-04T05:04:18-07:00 seed=0xbe38ae20 ... PASS
[1397] 2026-04-04T05:04:34-07:00 seed=0x9594647f ... PASS
[1398] 2026-04-04T05:04:50-07:00 seed=0x0460e136 ... PASS
[1399] 2026-04-04T05:05:06-07:00 seed=0x0f5c47e3 ... PASS
[1400] 2026-04-04T05:05:22-07:00 seed=0x425e9a20 ... PASS
[1401] 2026-04-04T05:05:38-07:00 seed=0xdb51cec5 ... PASS
[1402] 2026-04-04T05:05:55-07:00 seed=0x58bba5d6 ... PASS
[1403] 2026-04-04T05:06:11-07:00 seed=0xa8ec2276 ... PASS
[1404] 2026-04-04T05:06:27-07:00 seed=0x93f6cd37 ... PASS
[1405] 2026-04-04T05:06:43-07:00 seed=0xc76be35a ... PASS
[1406] 2026-04-04T05:06:59-07:00 seed=0x0945cf72 ... PASS
[1407] 2026-04-04T05:07:15-07:00 seed=0x73982df8 ... PASS
[1408] 2026-04-04T05:07:31-07:00 seed=0x53a26df9 ... PASS
[1409] 2026-04-04T05:07:47-07:00 seed=0x9b2582bc ... PASS
[1410] 2026-04-04T05:08:03-07:00 seed=0xc4d1f9a4 ... PASS
[1411] 2026-04-04T05:08:20-07:00 seed=0x37413617 ... PASS
[1412] 2026-04-04T05:08:35-07:00 seed=0x748f1bc2 ... PASS
[1413] 2026-04-04T05:08:52-07:00 seed=0xf88588ad ... PASS
[1414] 2026-04-04T05:09:08-07:00 seed=0x06bc1270 ... PASS
[1415] 2026-04-04T05:09:24-07:00 seed=0x109a3ddd ... PASS
[1416] 2026-04-04T05:09:39-07:00 seed=0x73ff55cb ... PASS
[1417] 2026-04-04T05:09:55-07:00 seed=0xe6f57405 ... PASS
[1418] 2026-04-04T05:10:12-07:00 seed=0x178302f2 ... PASS
[1419] 2026-04-04T05:10:29-07:00 seed=0x115307ab ... PASS
[1420] 2026-04-04T05:10:45-07:00 seed=0x12149277 ... PASS
[1421] 2026-04-04T05:11:01-07:00 seed=0x95413a84 ... PASS
[1422] 2026-04-04T05:11:18-07:00 seed=0xd0c665e6 ... PASS
[1423] 2026-04-04T05:11:33-07:00 seed=0x52c906d2 ... PASS
[1424] 2026-04-04T05:11:50-07:00 seed=0x68c84152 ... PASS
[1425] 2026-04-04T05:12:07-07:00 seed=0xc6688d38 ... PASS
[1426] 2026-04-04T05:12:25-07:00 seed=0xd9a357bf ... PASS
[1427] 2026-04-04T05:12:42-07:00 seed=0x95a68232 ... PASS
[1428] 2026-04-04T05:12:58-07:00 seed=0x173dc06c ... PASS
[1429] 2026-04-04T05:13:14-07:00 seed=0xae71ce6d ... PASS
[1430] 2026-04-04T05:13:29-07:00 seed=0xaae5290f ... PASS
[1431] 2026-04-04T05:13:46-07:00 seed=0x8010478c ... PASS
[1432] 2026-04-04T05:14:03-07:00 seed=0xb7881cb6 ... PASS
[1433] 2026-04-04T05:14:19-07:00 seed=0xa20d12ec ... PASS
[1434] 2026-04-04T05:14:35-07:00 seed=0x698864d0 ... PASS
[1435] 2026-04-04T05:14:51-07:00 seed=0x0b0fe471 ... PASS
[1436] 2026-04-04T05:15:07-07:00 seed=0x53553cf5 ... PASS
[50] 2026-04-04T05:15:17-07:00 seed=0xd336e09e ... PASS
[1437] 2026-04-04T05:15:23-07:00 seed=0xd347101f ... PASS
[1438] 2026-04-04T05:15:40-07:00 seed=0x673f61a7 ... PASS
[1439] 2026-04-04T05:15:56-07:00 seed=0xfe070c1c ... PASS
[1440] 2026-04-04T05:16:12-07:00 seed=0x27c7794a ... PASS
[1441] 2026-04-04T05:16:28-07:00 seed=0xe16fcb18 ... PASS
[1442] 2026-04-04T05:16:44-07:00 seed=0x6113045f ... PASS
[1443] 2026-04-04T05:17:00-07:00 seed=0x696ab701 ... PASS
[1444] 2026-04-04T05:17:17-07:00 seed=0xd86cc401 ... PASS
[1445] 2026-04-04T05:17:33-07:00 seed=0x28e08076 ... PASS
[1446] 2026-04-04T05:17:49-07:00 seed=0x2846908f ... PASS
[1447] 2026-04-04T05:18:05-07:00 seed=0x0ca12dd2 ... PASS
[1448] 2026-04-04T05:18:22-07:00 seed=0x7abc715d ... PASS
[1449] 2026-04-04T05:18:38-07:00 seed=0x8a31a5e6 ... PASS
[1450] 2026-04-04T05:18:54-07:00 seed=0xc8988273 ... PASS
[1451] 2026-04-04T05:19:10-07:00 seed=0xffb3409d ... PASS
[1452] 2026-04-04T05:19:27-07:00 seed=0x02c668b2 ... PASS
[1453] 2026-04-04T05:19:42-07:00 seed=0x8cdc5257 ... PASS
[1454] 2026-04-04T05:19:58-07:00 seed=0xbe8d9d5f ... PASS
[1455] 2026-04-04T05:20:14-07:00 seed=0x677bf5ff ... PASS
[1456] 2026-04-04T05:20:30-07:00 seed=0x511ce550 ... PASS
[1457] 2026-04-04T05:20:46-07:00 seed=0x243c7b27 ... PASS
[1458] 2026-04-04T05:21:02-07:00 seed=0x2dfc25fb ... PASS
[1459] 2026-04-04T05:21:18-07:00 seed=0xca8167ef ... PASS
[1460] 2026-04-04T05:21:34-07:00 seed=0x46063e1b ... PASS
[1461] 2026-04-04T05:21:50-07:00 seed=0x7364955e ... PASS
[1462] 2026-04-04T05:22:06-07:00 seed=0x03c4b755 ... PASS
[51] 2026-04-04T05:22:19-07:00 seed=0xa4d34f55 ... PASS
[1463] 2026-04-04T05:22:22-07:00 seed=0x29d8966d ... PASS
[1464] 2026-04-04T05:22:38-07:00 seed=0x1fe310ef ... PASS
[1465] 2026-04-04T05:22:54-07:00 seed=0xa2e661cc ... PASS
[1466] 2026-04-04T05:23:10-07:00 seed=0xeed9f2da ... PASS
[1467] 2026-04-04T05:23:26-07:00 seed=0x28d31435 ... PASS
[1468] 2026-04-04T05:23:42-07:00 seed=0x0e24f28c ... PASS
[1469] 2026-04-04T05:23:58-07:00 seed=0x63da6ebe ... PASS
[1470] 2026-04-04T05:24:14-07:00 seed=0x16d79418 ... PASS
[1471] 2026-04-04T05:24:30-07:00 seed=0x1059e396 ... PASS
[1472] 2026-04-04T05:24:46-07:00 seed=0xc52901eb ... PASS
[1473] 2026-04-04T05:25:01-07:00 seed=0x1a656af4 ... PASS
[1474] 2026-04-04T05:25:17-07:00 seed=0x2e4258fb ... PASS
[1475] 2026-04-04T05:25:34-07:00 seed=0x6098f730 ... PASS
[1476] 2026-04-04T05:25:50-07:00 seed=0x2440cbf7 ... PASS
[1477] 2026-04-04T05:26:05-07:00 seed=0x09070a92 ... PASS
[1478] 2026-04-04T05:26:21-07:00 seed=0xf30faba0 ... PASS
[1479] 2026-04-04T05:26:37-07:00 seed=0x054b4499 ... PASS
[1480] 2026-04-04T05:26:53-07:00 seed=0x314c9c30 ... PASS
[1481] 2026-04-04T05:27:09-07:00 seed=0xcd1b1344 ... PASS
[1482] 2026-04-04T05:27:25-07:00 seed=0x9afcbab8 ... PASS
[1483] 2026-04-04T05:27:41-07:00 seed=0xf794de21 ... PASS
[1484] 2026-04-04T05:27:57-07:00 seed=0xfcb83450 ... PASS
[1485] 2026-04-04T05:28:13-07:00 seed=0xb09b398c ... PASS
[1486] 2026-04-04T05:28:29-07:00 seed=0x946db692 ... PASS
[1487] 2026-04-04T05:28:44-07:00 seed=0x9cbe2509 ... PASS
[52] 2026-04-04T05:28:51-07:00 seed=0xd69ad1a0 ... PASS
[1488] 2026-04-04T05:29:00-07:00 seed=0xbb1f1a54 ... PASS
[1489] 2026-04-04T05:29:16-07:00 seed=0x31dca238 ... PASS
[1490] 2026-04-04T05:29:32-07:00 seed=0x96f8f814 ... PASS
[1491] 2026-04-04T05:29:48-07:00 seed=0x985d2571 ... PASS
[1492] 2026-04-04T05:30:04-07:00 seed=0x9d65a068 ... PASS
[1493] 2026-04-04T05:30:20-07:00 seed=0x16a5fa07 ... PASS
[1494] 2026-04-04T05:30:36-07:00 seed=0xbb5fec37 ... PASS
[1495] 2026-04-04T05:30:52-07:00 seed=0x64147215 ... PASS
[1496] 2026-04-04T05:31:07-07:00 seed=0x1cf5618a ... PASS
[1497] 2026-04-04T05:31:23-07:00 seed=0x491bef79 ... PASS
[1498] 2026-04-04T05:31:39-07:00 seed=0x85fca338 ... PASS
[1499] 2026-04-04T05:31:55-07:00 seed=0xaf5b8f39 ... PASS
[53] 2026-04-04T05:32:04-07:00 seed=0xa178414c ... PASS
[1500] 2026-04-04T05:32:11-07:00 seed=0x03a02237 ... PASS
[1501] 2026-04-04T05:32:26-07:00 seed=0xee02e074 ... PASS
[1502] 2026-04-04T05:32:42-07:00 seed=0x4b22a448 ... PASS
[1503] 2026-04-04T05:32:58-07:00 seed=0xa2959500 ... PASS
[1504] 2026-04-04T05:33:14-07:00 seed=0x3c28889a ... PASS
[1505] 2026-04-04T05:33:30-07:00 seed=0xd1a208c2 ... PASS
[1506] 2026-04-04T05:33:46-07:00 seed=0x789ab9f5 ... PASS
[1507] 2026-04-04T05:34:02-07:00 seed=0x5e458262 ... PASS
[1508] 2026-04-04T05:34:18-07:00 seed=0x27c3cb1c ... PASS
[1509] 2026-04-04T05:34:34-07:00 seed=0xd3172c14 ... PASS
[1510] 2026-04-04T05:34:50-07:00 seed=0xdcb337b5 ... PASS
[1511] 2026-04-04T05:35:06-07:00 seed=0xd380ec2f ... PASS
[1512] 2026-04-04T05:35:22-07:00 seed=0x905876e8 ... PASS
[1513] 2026-04-04T05:35:38-07:00 seed=0x7bad5281 ... PASS
[1514] 2026-04-04T05:35:54-07:00 seed=0xa776ef72 ... PASS
[1515] 2026-04-04T05:36:10-07:00 seed=0x005732da ... PASS
[1516] 2026-04-04T05:36:26-07:00 seed=0x750952e8 ... PASS
[1517] 2026-04-04T05:36:42-07:00 seed=0x708ff7b2 ... PASS
[1518] 2026-04-04T05:36:58-07:00 seed=0x54bafac4 ... PASS
[1519] 2026-04-04T05:37:14-07:00 seed=0x2399235b ... PASS
[1520] 2026-04-04T05:37:29-07:00 seed=0x638fd477 ... PASS
[1521] 2026-04-04T05:37:45-07:00 seed=0x5465031f ... PASS
[1522] 2026-04-04T05:38:01-07:00 seed=0x9fd79e12 ... PASS
[1523] 2026-04-04T05:38:16-07:00 seed=0x068b3721 ... PASS
[1524] 2026-04-04T05:38:33-07:00 seed=0xc4b3a0a4 ... PASS
[1525] 2026-04-04T05:38:48-07:00 seed=0xb3effbde ... PASS
[54] 2026-04-04T05:38:55-07:00 seed=0xad33d715 ... PASS
[1526] 2026-04-04T05:39:04-07:00 seed=0x813a1c74 ... PASS
[1527] 2026-04-04T05:39:20-07:00 seed=0xfce79140 ... PASS
[1528] 2026-04-04T05:39:36-07:00 seed=0x8770664d ... PASS
[1529] 2026-04-04T05:39:51-07:00 seed=0xb3b9482c ... PASS
[1530] 2026-04-04T05:40:08-07:00 seed=0x6b1dd05c ... PASS
[1531] 2026-04-04T05:40:23-07:00 seed=0x200fd424 ... PASS
[1532] 2026-04-04T05:40:39-07:00 seed=0x3c910cc9 ... PASS
[1533] 2026-04-04T05:40:55-07:00 seed=0x10c733fe ... PASS
[1534] 2026-04-04T05:41:10-07:00 seed=0xa8fedc2d ... PASS
[1535] 2026-04-04T05:41:27-07:00 seed=0x47460703 ... PASS
[1536] 2026-04-04T05:41:43-07:00 seed=0xbeebf224 ... PASS
[1537] 2026-04-04T05:41:59-07:00 seed=0x298081bf ... PASS
[1538] 2026-04-04T05:42:15-07:00 seed=0x7b6b54e9 ... PASS
[1539] 2026-04-04T05:42:30-07:00 seed=0x8b61d731 ... PASS
[1540] 2026-04-04T05:42:46-07:00 seed=0xe94359ca ... PASS
[1541] 2026-04-04T05:43:02-07:00 seed=0x456c24cb ... PASS
[1542] 2026-04-04T05:43:17-07:00 seed=0xdd0f4e0f ... PASS
[1543] 2026-04-04T05:43:34-07:00 seed=0x46bda6b8 ... PASS
[1544] 2026-04-04T05:43:50-07:00 seed=0xa4076177 ... PASS
[1545] 2026-04-04T05:44:05-07:00 seed=0x7086a48e ... PASS
[1546] 2026-04-04T05:44:21-07:00 seed=0xb046f664 ... PASS
[1547] 2026-04-04T05:44:37-07:00 seed=0x72c27f44 ... PASS
[1548] 2026-04-04T05:44:53-07:00 seed=0x689e1a5d ... PASS
[1549] 2026-04-04T05:45:09-07:00 seed=0x160a9d84 ... PASS
[1550] 2026-04-04T05:45:25-07:00 seed=0x75fd19f1 ... PASS
[1551] 2026-04-04T05:45:41-07:00 seed=0x20e931d5 ... PASS
[1552] 2026-04-04T05:45:57-07:00 seed=0x8650e286 ... PASS
[1553] 2026-04-04T05:46:12-07:00 seed=0xd67fe883 ... PASS
[55] 2026-04-04T05:46:19-07:00 seed=0xd97497a7 ... PASS
[1554] 2026-04-04T05:46:28-07:00 seed=0x8bf02466 ... PASS
[1555] 2026-04-04T05:46:44-07:00 seed=0x044eb80f ... PASS
[1556] 2026-04-04T05:47:00-07:00 seed=0xd33b8194 ... PASS
[1557] 2026-04-04T05:47:16-07:00 seed=0x9829677b ... PASS
[1558] 2026-04-04T05:47:32-07:00 seed=0x8ce1c4d0 ... PASS
[1559] 2026-04-04T05:47:48-07:00 seed=0xb261be06 ... PASS
[1560] 2026-04-04T05:48:04-07:00 seed=0x0a95d950 ... PASS
[1561] 2026-04-04T05:48:20-07:00 seed=0x1bfc6cb7 ... PASS
[1562] 2026-04-04T05:48:35-07:00 seed=0x98311f17 ... PASS
[1563] 2026-04-04T05:48:52-07:00 seed=0x6baf90d7 ... PASS
[1564] 2026-04-04T05:49:07-07:00 seed=0xfdf5e815 ... PASS
[1565] 2026-04-04T05:49:24-07:00 seed=0xf92d1f56 ... PASS
[1566] 2026-04-04T05:49:39-07:00 seed=0x5caab964 ... PASS
[1567] 2026-04-04T05:49:55-07:00 seed=0xa26e7eaa ... PASS
[1568] 2026-04-04T05:50:11-07:00 seed=0x287585e4 ... PASS
[1569] 2026-04-04T05:50:27-07:00 seed=0x1326e367 ... PASS
[1570] 2026-04-04T05:50:43-07:00 seed=0xc648d238 ... PASS
[1571] 2026-04-04T05:50:59-07:00 seed=0xcaab9f93 ... PASS
[1572] 2026-04-04T05:51:15-07:00 seed=0x609aa468 ... PASS
[1573] 2026-04-04T05:51:31-07:00 seed=0x84058b06 ... PASS
[1574] 2026-04-04T05:51:47-07:00 seed=0x808d5589 ... PASS
[1575] 2026-04-04T05:52:03-07:00 seed=0x0a4e46ce ... PASS
[1576] 2026-04-04T05:52:19-07:00 seed=0xa19884ef ... PASS
[1577] 2026-04-04T05:52:35-07:00 seed=0x9642c0bb ... PASS
[1578] 2026-04-04T05:52:51-07:00 seed=0xf6f83660 ... PASS
[1579] 2026-04-04T05:53:07-07:00 seed=0x60983550 ... PASS
[1580] 2026-04-04T05:53:23-07:00 seed=0xd3340261 ... PASS
[1581] 2026-04-04T05:53:39-07:00 seed=0x6612f3ed ... PASS
[1582] 2026-04-04T05:53:55-07:00 seed=0xabbeb43c ... PASS
[1583] 2026-04-04T05:54:10-07:00 seed=0x70979934 ... PASS
[1584] 2026-04-04T05:54:26-07:00 seed=0x2bedc1f3 ... PASS
[1585] 2026-04-04T05:54:42-07:00 seed=0xb9f3aa2f ... PASS
[56] 2026-04-04T05:54:43-07:00 seed=0x48411ed6 ... PASS
[1586] 2026-04-04T05:54:58-07:00 seed=0xdf176544 ... PASS
[1587] 2026-04-04T05:55:14-07:00 seed=0x8a8ad999 ... PASS
[1588] 2026-04-04T05:55:29-07:00 seed=0xfef6a0b9 ... PASS
[1589] 2026-04-04T05:55:45-07:00 seed=0x484a05ba ... PASS
[1590] 2026-04-04T05:56:01-07:00 seed=0xd8b65add ... PASS
[1591] 2026-04-04T05:56:17-07:00 seed=0x06830d3c ... PASS
[1592] 2026-04-04T05:56:33-07:00 seed=0x9775cfc0 ... PASS
[1593] 2026-04-04T05:56:49-07:00 seed=0x4e862e56 ... PASS
[1594] 2026-04-04T05:57:04-07:00 seed=0xf41be0fb ... PASS
[1595] 2026-04-04T05:57:20-07:00 seed=0x36888f4f ... PASS
[1596] 2026-04-04T05:57:36-07:00 seed=0x1ed8749a ... PASS
[1597] 2026-04-04T05:57:52-07:00 seed=0x2c2cd739 ... PASS
[1598] 2026-04-04T05:58:08-07:00 seed=0x46d92f0e ... PASS
[1599] 2026-04-04T05:58:23-07:00 seed=0xcf5f8c9b ... PASS
[1600] 2026-04-04T05:58:39-07:00 seed=0x570fcc75 ... PASS
[1601] 2026-04-04T05:58:55-07:00 seed=0x0406ac32 ... PASS
[1602] 2026-04-04T05:59:11-07:00 seed=0xa8143970 ... PASS
[1603] 2026-04-04T05:59:27-07:00 seed=0x253f8a8c ... PASS
[57] 2026-04-04T05:59:40-07:00 seed=0x5629ab24 ... PASS
[1604] 2026-04-04T05:59:43-07:00 seed=0x574e28c6 ... PASS
[1605] 2026-04-04T05:59:59-07:00 seed=0x2f3b5d9e ... PASS
[1606] 2026-04-04T06:00:16-07:00 seed=0x5bfde152 ... PASS
[1607] 2026-04-04T06:00:31-07:00 seed=0xc25a3760 ... PASS
[1608] 2026-04-04T06:00:47-07:00 seed=0x4ed51ef9 ... PASS
[1609] 2026-04-04T06:01:03-07:00 seed=0xd8e19b88 ... PASS
[1610] 2026-04-04T06:01:20-07:00 seed=0x90e15e34 ... PASS
[1611] 2026-04-04T06:01:35-07:00 seed=0xef5c57ca ... PASS
[1612] 2026-04-04T06:01:51-07:00 seed=0x814737fa ... PASS
[1613] 2026-04-04T06:02:07-07:00 seed=0x05b55259 ... PASS
[1614] 2026-04-04T06:02:23-07:00 seed=0x03a5bbc3 ... PASS
[1615] 2026-04-04T06:02:39-07:00 seed=0x27cf75db ... PASS
[1616] 2026-04-04T06:02:56-07:00 seed=0x9dbb963b ... PASS
[1617] 2026-04-04T06:03:12-07:00 seed=0xc07ce628 ... PASS
[1618] 2026-04-04T06:03:27-07:00 seed=0xb3b78d9e ... PASS
[1619] 2026-04-04T06:03:43-07:00 seed=0xd3b41456 ... PASS
[1620] 2026-04-04T06:03:59-07:00 seed=0x0c9727f0 ... PASS
[1621] 2026-04-04T06:04:15-07:00 seed=0x1c64336d ... PASS
[1622] 2026-04-04T06:04:31-07:00 seed=0x47e8ec0c ... PASS
[1623] 2026-04-04T06:04:48-07:00 seed=0x2bebe4e0 ... PASS
[1624] 2026-04-04T06:05:06-07:00 seed=0x6f7003a6 ... PASS
[1625] 2026-04-04T06:05:24-07:00 seed=0xe9f8a81f ... PASS
[1626] 2026-04-04T06:05:41-07:00 seed=0xb0c1e3b5 ... PASS
[1627] 2026-04-04T06:05:59-07:00 seed=0xbf1e73a6 ... PASS
[1628] 2026-04-04T06:06:17-07:00 seed=0xec07f5f4 ... PASS
[1629] 2026-04-04T06:06:35-07:00 seed=0x347116c4 ... PASS
[1630] 2026-04-04T06:06:53-07:00 seed=0x3c79115e ... PASS
[1631] 2026-04-04T06:07:11-07:00 seed=0x6b8c09df ... PASS
[1632] 2026-04-04T06:07:28-07:00 seed=0xc5c85b54 ... PASS
[1633] 2026-04-04T06:07:45-07:00 seed=0x09bee3c5 ... PASS
[1634] 2026-04-04T06:08:02-07:00 seed=0x812a2621 ... PASS
[1635] 2026-04-04T06:08:19-07:00 seed=0x2bb587b3 ... PASS
[1636] 2026-04-04T06:08:37-07:00 seed=0x7056f0a8 ... PASS
[58] 2026-04-04T06:08:48-07:00 seed=0x3b4f31b2 ... PASS
[1637] 2026-04-04T06:08:56-07:00 seed=0xb9bafd41 ... PASS
[1638] 2026-04-04T06:09:14-07:00 seed=0x513f79be ... PASS
[1639] 2026-04-04T06:09:32-07:00 seed=0x3bfc78d0 ... PASS
[1640] 2026-04-04T06:09:49-07:00 seed=0x8e15aaa7 ... PASS
[1641] 2026-04-04T06:10:06-07:00 seed=0x7e57dcf0 ... PASS
[1642] 2026-04-04T06:10:23-07:00 seed=0x2e07ec0c ... PASS
[1643] 2026-04-04T06:10:40-07:00 seed=0xd6ac75b3 ... PASS
[1644] 2026-04-04T06:10:56-07:00 seed=0xf6e3ddf5 ... PASS
[1645] 2026-04-04T06:11:14-07:00 seed=0x6b43ece7 ... PASS
[1646] 2026-04-04T06:11:32-07:00 seed=0x5a4b74ad ... PASS
[1647] 2026-04-04T06:11:49-07:00 seed=0x207f7efd ... PASS
[1648] 2026-04-04T06:12:07-07:00 seed=0xa1e26729 ... PASS
[1649] 2026-04-04T06:12:28-07:00 seed=0x122056d3 ... PASS
[1650] 2026-04-04T06:12:46-07:00 seed=0xd0a7262c ... PASS
[1651] 2026-04-04T06:13:04-07:00 seed=0x21b14611 ... PASS
[1652] 2026-04-04T06:13:22-07:00 seed=0x4b62745c ... PASS
[1653] 2026-04-04T06:13:40-07:00 seed=0x8a54dcfd ... PASS
[1654] 2026-04-04T06:13:59-07:00 seed=0x898b5bdf ... PASS
[1655] 2026-04-04T06:14:17-07:00 seed=0x03fe8f29 ... PASS
[1656] 2026-04-04T06:14:36-07:00 seed=0xd77f573c ... PASS
[1657] 2026-04-04T06:14:54-07:00 seed=0xf481acad ... PASS
[1658] 2026-04-04T06:15:12-07:00 seed=0x975a242a ... PASS
[1659] 2026-04-04T06:15:30-07:00 seed=0xfbd9255a ... PASS
[1660] 2026-04-04T06:15:48-07:00 seed=0x91a2fdce ... PASS
[1661] 2026-04-04T06:16:06-07:00 seed=0xaceabd1c ... PASS
[59] 2026-04-04T06:16:20-07:00 seed=0x65e8709b ... PASS
[1662] 2026-04-04T06:16:23-07:00 seed=0x0780095d ... PASS
[1663] 2026-04-04T06:16:41-07:00 seed=0xc6aecb5b ... PASS
[1664] 2026-04-04T06:16:59-07:00 seed=0x1c1a79fd ... PASS
[1665] 2026-04-04T06:17:17-07:00 seed=0xba7fe7ae ... PASS
[1666] 2026-04-04T06:17:35-07:00 seed=0x2b01ec5e ... PASS
[1667] 2026-04-04T06:17:52-07:00 seed=0x4ccdd4ec ... PASS
[1668] 2026-04-04T06:18:11-07:00 seed=0xf7b183f7 ... PASS
[1669] 2026-04-04T06:18:29-07:00 seed=0xe28635f8 ... PASS
[1670] 2026-04-04T06:18:47-07:00 seed=0x9ae811df ... PASS
[1671] 2026-04-04T06:19:04-07:00 seed=0xbbad9cd9 ... PASS
[1672] 2026-04-04T06:19:22-07:00 seed=0xc8486686 ... PASS
[1673] 2026-04-04T06:19:39-07:00 seed=0x983025cd ... PASS
[1674] 2026-04-04T06:19:57-07:00 seed=0x983da1d6 ... PASS
[1675] 2026-04-04T06:20:14-07:00 seed=0x3eecc493 ... PASS
[1676] 2026-04-04T06:20:32-07:00 seed=0xe55b1850 ... PASS
[1677] 2026-04-04T06:20:50-07:00 seed=0x6b1c1f87 ... PASS
[1678] 2026-04-04T06:21:08-07:00 seed=0x7e7af1fb ... PASS
[1679] 2026-04-04T06:21:27-07:00 seed=0xb1d4b4df ... PASS
[1680] 2026-04-04T06:21:45-07:00 seed=0xf8bb4591 ... PASS
[60] 2026-04-04T06:21:59-07:00 seed=0x810e781f ... PASS
[1681] 2026-04-04T06:22:02-07:00 seed=0x5c6b0fe7 ... PASS
[1682] 2026-04-04T06:22:20-07:00 seed=0x8799122e ... PASS
[1683] 2026-04-04T06:22:38-07:00 seed=0x909aceed ... PASS
[1684] 2026-04-04T06:22:57-07:00 seed=0xf0a180b4 ... PASS
[1685] 2026-04-04T06:23:15-07:00 seed=0x0f09b6f9 ... PASS
[1686] 2026-04-04T06:23:34-07:00 seed=0xf169e8de ... PASS
[1687] 2026-04-04T06:23:51-07:00 seed=0x24cd779d ... PASS
[1688] 2026-04-04T06:24:09-07:00 seed=0xb547b141 ... PASS
[1689] 2026-04-04T06:24:27-07:00 seed=0x0ba8aa51 ... PASS
[1690] 2026-04-04T06:24:44-07:00 seed=0x6e8572fc ... PASS
[1691] 2026-04-04T06:25:02-07:00 seed=0x2c3f82a6 ... PASS
[1692] 2026-04-04T06:25:20-07:00 seed=0x04c2ae38 ... PASS
[1693] 2026-04-04T06:25:38-07:00 seed=0x8d66aa93 ... PASS
[1694] 2026-04-04T06:25:56-07:00 seed=0x581240aa ... PASS
[1695] 2026-04-04T06:26:15-07:00 seed=0x7162af7f ... PASS
[1696] 2026-04-04T06:26:33-07:00 seed=0xa65316ca ... PASS
[1697] 2026-04-04T06:26:51-07:00 seed=0x8776cb77 ... PASS
[1698] 2026-04-04T06:27:10-07:00 seed=0x43cf42fc ... PASS
[1699] 2026-04-04T06:27:28-07:00 seed=0xfec971ab ... PASS
[1700] 2026-04-04T06:27:47-07:00 seed=0x6bc48851 ... PASS
[1701] 2026-04-04T06:28:05-07:00 seed=0xa120aec0 ... PASS
[1702] 2026-04-04T06:28:23-07:00 seed=0x906742a7 ... PASS
[1703] 2026-04-04T06:28:41-07:00 seed=0x25623ce7 ... PASS
[1704] 2026-04-04T06:28:58-07:00 seed=0x0c57392f ... PASS
[1705] 2026-04-04T06:29:16-07:00 seed=0x8341dc67 ... PASS
[1706] 2026-04-04T06:29:34-07:00 seed=0x8b022e9a ... PASS
[1707] 2026-04-04T06:29:52-07:00 seed=0xdf34b5b7 ... PASS
[1708] 2026-04-04T06:30:09-07:00 seed=0x0f5db5bf ... PASS
[1709] 2026-04-04T06:30:28-07:00 seed=0xd518b548 ... PASS
[1710] 2026-04-04T06:30:46-07:00 seed=0x81ff97ab ... PASS
[1711] 2026-04-04T06:31:04-07:00 seed=0xe214eaf0 ... PASS
[1712] 2026-04-04T06:31:22-07:00 seed=0xf4c617de ... PASS
[1713] 2026-04-04T06:31:40-07:00 seed=0xb657aa68 ... PASS
[1714] 2026-04-04T06:31:58-07:00 seed=0x3cb16670 ... PASS
[1715] 2026-04-04T06:32:16-07:00 seed=0x18a63979 ... PASS
[1716] 2026-04-04T06:32:34-07:00 seed=0x4ab0797a ... PASS
[1717] 2026-04-04T06:32:53-07:00 seed=0x0e7b5dc8 ... PASS
[61] 2026-04-04T06:33:01-07:00 seed=0xf5ff0a77 ... PASS
[1718] 2026-04-04T06:33:12-07:00 seed=0xc39ba6a9 ... PASS
[1719] 2026-04-04T06:33:30-07:00 seed=0xb878669f ... PASS
[1720] 2026-04-04T06:33:49-07:00 seed=0xd4d52ace ... PASS
[1721] 2026-04-04T06:34:06-07:00 seed=0xfabbee11 ... PASS
[1722] 2026-04-04T06:34:24-07:00 seed=0x7861c0c8 ... PASS
[1723] 2026-04-04T06:34:42-07:00 seed=0x427869fd ... PASS
[1724] 2026-04-04T06:35:00-07:00 seed=0xa03a346a ... PASS
[1725] 2026-04-04T06:35:18-07:00 seed=0x96a75320 ... PASS
[1726] 2026-04-04T06:35:36-07:00 seed=0x4d6db24a ... PASS
[1727] 2026-04-04T06:35:54-07:00 seed=0x5c06040f ... PASS
[1728] 2026-04-04T06:36:11-07:00 seed=0x4c096b89 ... PASS
[1729] 2026-04-04T06:36:29-07:00 seed=0x6a53ecc4 ... PASS
[1730] 2026-04-04T06:36:47-07:00 seed=0xe82dfdb2 ... PASS
[1731] 2026-04-04T06:37:04-07:00 seed=0x55546df5 ... PASS
[1732] 2026-04-04T06:37:22-07:00 seed=0x8d70e66b ... PASS
[1733] 2026-04-04T06:37:40-07:00 seed=0x88d56971 ... PASS
[1734] 2026-04-04T06:37:58-07:00 seed=0xb13ad5c7 ... PASS
[1735] 2026-04-04T06:38:16-07:00 seed=0xaa4fd895 ... PASS
[1736] 2026-04-04T06:38:33-07:00 seed=0x534bc0af ... PASS
[1737] 2026-04-04T06:38:51-07:00 seed=0xa72ff19b ... PASS
[1738] 2026-04-04T06:39:08-07:00 seed=0x78308b79 ... PASS
[1739] 2026-04-04T06:39:25-07:00 seed=0x534f5d20 ... PASS
[1740] 2026-04-04T06:39:43-07:00 seed=0xced7bcb1 ... PASS
[1741] 2026-04-04T06:40:01-07:00 seed=0xb2820c3b ... PASS
[1742] 2026-04-04T06:40:19-07:00 seed=0x46b908ad ... PASS
[1743] 2026-04-04T06:40:36-07:00 seed=0x0a926192 ... PASS
[1744] 2026-04-04T06:40:54-07:00 seed=0x54120fa7 ... PASS
[1745] 2026-04-04T06:41:11-07:00 seed=0x711bd9b8 ... PASS
[1746] 2026-04-04T06:41:29-07:00 seed=0xec335dc2 ... PASS
[1747] 2026-04-04T06:41:46-07:00 seed=0x85c09c2e ... PASS
[1748] 2026-04-04T06:42:04-07:00 seed=0xd542e532 ... PASS
[1749] 2026-04-04T06:42:22-07:00 seed=0x0784599b ... PASS
[1750] 2026-04-04T06:42:40-07:00 seed=0x2cbc262b ... PASS
[1751] 2026-04-04T06:42:58-07:00 seed=0xb6726ac5 ... PASS
[1752] 2026-04-04T06:43:16-07:00 seed=0x37b61cb3 ... PASS
[1753] 2026-04-04T06:43:35-07:00 seed=0xe79535ff ... PASS
[1754] 2026-04-04T06:43:54-07:00 seed=0xbfe6a803 ... PASS
[1755] 2026-04-04T06:44:12-07:00 seed=0x7a1de710 ... PASS
[1756] 2026-04-04T06:44:30-07:00 seed=0xe61e9785 ... PASS
[1757] 2026-04-04T06:44:47-07:00 seed=0xee9153d8 ... PASS
[1758] 2026-04-04T06:45:05-07:00 seed=0xc3d0c1d0 ... PASS
[1759] 2026-04-04T06:45:24-07:00 seed=0x59cb8ed0 ... PASS
[1760] 2026-04-04T06:45:42-07:00 seed=0x4aacfe16 ... PASS
[1761] 2026-04-04T06:46:00-07:00 seed=0x9afd52b8 ... PASS
[1762] 2026-04-04T06:46:18-07:00 seed=0xa7f65aa4 ... PASS
[1763] 2026-04-04T06:46:35-07:00 seed=0x03d42d1d ... PASS
[1764] 2026-04-04T06:46:53-07:00 seed=0x32abe083 ... PASS
[1765] 2026-04-04T06:47:11-07:00 seed=0x44d7f1c0 ... PASS
[1766] 2026-04-04T06:47:29-07:00 seed=0x8b9fbf08 ... PASS
[1767] 2026-04-04T06:47:46-07:00 seed=0x48084885 ... PASS
[1768] 2026-04-04T06:48:04-07:00 seed=0xa96efb21 ... PASS
[1769] 2026-04-04T06:48:21-07:00 seed=0x51050931 ... PASS
[1770] 2026-04-04T06:48:40-07:00 seed=0xd244cbbf ... PASS
[1771] 2026-04-04T06:48:57-07:00 seed=0x92957b3b ... PASS
[1772] 2026-04-04T06:49:15-07:00 seed=0xda279349 ... PASS
[1773] 2026-04-04T06:49:33-07:00 seed=0xb4a19ad5 ... PASS
[1774] 2026-04-04T06:49:50-07:00 seed=0x9064ee8d ... PASS
[1775] 2026-04-04T06:50:07-07:00 seed=0x062cb544 ... PASS
[1776] 2026-04-04T06:50:25-07:00 seed=0x90454cdd ... PASS
[1777] 2026-04-04T06:50:42-07:00 seed=0x58844302 ... PASS
[1778] 2026-04-04T06:51:00-07:00 seed=0xa991c0b3 ... PASS
[1779] 2026-04-04T06:51:17-07:00 seed=0xa5fdd412 ... PASS
[62] 2026-04-04T06:51:22-07:00 seed=0x6dd48ede ... PASS
[1780] 2026-04-04T06:51:35-07:00 seed=0xdacdec01 ... PASS
[1781] 2026-04-04T06:51:52-07:00 seed=0x21a32684 ... PASS
[1782] 2026-04-04T06:52:11-07:00 seed=0x822449c5 ... PASS
[1783] 2026-04-04T06:52:30-07:00 seed=0x6512fa4e ... PASS
[1784] 2026-04-04T06:52:49-07:00 seed=0xbbd303c3 ... PASS
[1785] 2026-04-04T06:53:07-07:00 seed=0xaf6c662b ... PASS
[1786] 2026-04-04T06:53:25-07:00 seed=0xeefe93c7 ... PASS
[1787] 2026-04-04T06:53:44-07:00 seed=0x05d3f295 ... PASS
[1788] 2026-04-04T06:54:02-07:00 seed=0x4dc14f6c ... PASS
[1789] 2026-04-04T06:54:20-07:00 seed=0xc4e1bf5e ... PASS
[1790] 2026-04-04T06:54:38-07:00 seed=0xa749d684 ... PASS
[1791] 2026-04-04T06:54:55-07:00 seed=0x8eefffe3 ... PASS
[1792] 2026-04-04T06:55:14-07:00 seed=0x79146b0a ... PASS
[1793] 2026-04-04T06:55:32-07:00 seed=0xeda37355 ... PASS
[1794] 2026-04-04T06:55:50-07:00 seed=0x0295fe69 ... PASS
[1795] 2026-04-04T06:56:07-07:00 seed=0x46e7b39d ... PASS
[1796] 2026-04-04T06:56:25-07:00 seed=0xf2f46616 ... PASS
[1797] 2026-04-04T06:56:42-07:00 seed=0xf5f84ac3 ... PASS
[1798] 2026-04-04T06:57:01-07:00 seed=0xb280da5c ... PASS
[1799] 2026-04-04T06:57:19-07:00 seed=0xe1770881 ... PASS
[1800] 2026-04-04T06:57:36-07:00 seed=0xb1ca47e9 ... PASS
[1801] 2026-04-04T06:57:55-07:00 seed=0xef19ccc4 ... PASS
[63] 2026-04-04T06:58:09-07:00 seed=0x7a07e17a ... PASS
[1802] 2026-04-04T06:58:13-07:00 seed=0xf3ebd121 ... PASS
[1803] 2026-04-04T06:58:31-07:00 seed=0xb4e53987 ... PASS
[1804] 2026-04-04T06:58:49-07:00 seed=0x64bd5539 ... PASS
[1805] 2026-04-04T06:59:07-07:00 seed=0xa8ad0538 ... PASS
[1806] 2026-04-04T06:59:25-07:00 seed=0x407af4ec ... PASS
[1807] 2026-04-04T06:59:43-07:00 seed=0x5bfb9f6d ... PASS
[1808] 2026-04-04T07:00:01-07:00 seed=0xe5d629e8 ... PASS
[1809] 2026-04-04T07:00:19-07:00 seed=0xfc6d4cf5 ... PASS
[1810] 2026-04-04T07:00:37-07:00 seed=0x89143c13 ... PASS
[1811] 2026-04-04T07:00:55-07:00 seed=0xa7d3b69e ... PASS
[1812] 2026-04-04T07:01:12-07:00 seed=0xa26615e5 ... PASS
[1813] 2026-04-04T07:01:30-07:00 seed=0x7e73ba93 ... PASS
[1814] 2026-04-04T07:01:47-07:00 seed=0xe480a700 ... PASS
[1815] 2026-04-04T07:02:05-07:00 seed=0x832f63f7 ... PASS
[1816] 2026-04-04T07:02:23-07:00 seed=0xd383d54a ... PASS
[64] 2026-04-04T07:02:27-07:00 seed=0x243c56e9 ... PASS
[1817] 2026-04-04T07:02:41-07:00 seed=0x8686cbcd ... PASS
[1818] 2026-04-04T07:03:00-07:00 seed=0x9907b7fa ... PASS
[1819] 2026-04-04T07:03:18-07:00 seed=0x0d945d6f ... PASS
[1820] 2026-04-04T07:03:35-07:00 seed=0xcc38ba1d ... PASS
[1821] 2026-04-04T07:03:53-07:00 seed=0xfaef1e41 ... PASS
[1822] 2026-04-04T07:04:11-07:00 seed=0x4fa14294 ... PASS
[1823] 2026-04-04T07:04:30-07:00 seed=0xe1f747fa ... PASS
[1824] 2026-04-04T07:04:47-07:00 seed=0x40cabb14 ... PASS
[1825] 2026-04-04T07:05:05-07:00 seed=0xc843b6dd ... PASS
[1826] 2026-04-04T07:05:23-07:00 seed=0xc1ba8c9b ... PASS
[1827] 2026-04-04T07:05:41-07:00 seed=0x8f764fb0 ... PASS
[1828] 2026-04-04T07:05:59-07:00 seed=0x623b7a86 ... PASS
[1829] 2026-04-04T07:06:17-07:00 seed=0x284f826c ... PASS
[1830] 2026-04-04T07:06:35-07:00 seed=0xb522a0e8 ... PASS
[1831] 2026-04-04T07:06:52-07:00 seed=0xbcef9f15 ... PASS
[1832] 2026-04-04T07:07:10-07:00 seed=0x0938a4c4 ... PASS
[1833] 2026-04-04T07:07:28-07:00 seed=0x3243b5f8 ... PASS
[1834] 2026-04-04T07:07:46-07:00 seed=0x569cf4f4 ... PASS
[1835] 2026-04-04T07:08:04-07:00 seed=0x9e6654ac ... PASS
[1836] 2026-04-04T07:08:22-07:00 seed=0xebec56f4 ... PASS
[1837] 2026-04-04T07:08:40-07:00 seed=0xb7dcde6c ... PASS
[1838] 2026-04-04T07:08:58-07:00 seed=0x6025c543 ... PASS
[1839] 2026-04-04T07:09:16-07:00 seed=0x32127e13 ... PASS
[1840] 2026-04-04T07:09:34-07:00 seed=0xbe33da04 ... PASS
[1841] 2026-04-04T07:09:52-07:00 seed=0xc0e40e52 ... PASS
[1842] 2026-04-04T07:10:10-07:00 seed=0x029aa004 ... PASS
[1843] 2026-04-04T07:10:29-07:00 seed=0x6688ffa2 ... PASS
[1844] 2026-04-04T07:10:47-07:00 seed=0xa9f63a57 ... PASS
[1845] 2026-04-04T07:11:05-07:00 seed=0x16120f8e ... PASS
[1846] 2026-04-04T07:11:23-07:00 seed=0xd0272203 ... PASS
[1847] 2026-04-04T07:11:41-07:00 seed=0x3d15209a ... PASS
[1848] 2026-04-04T07:11:59-07:00 seed=0xb382bf98 ... PASS
[1849] 2026-04-04T07:12:20-07:00 seed=0x39e64d4a ... PASS
[1850] 2026-04-04T07:12:39-07:00 seed=0x1a2abaa5 ... PASS
[1851] 2026-04-04T07:12:58-07:00 seed=0x70da9694 ... PASS
[1852] 2026-04-04T07:13:16-07:00 seed=0x3f72a641 ... PASS
[1853] 2026-04-04T07:13:33-07:00 seed=0xb24499af ... PASS
[1854] 2026-04-04T07:13:52-07:00 seed=0x7b402c04 ... PASS
[1855] 2026-04-04T07:14:10-07:00 seed=0xf691791e ... PASS
[1856] 2026-04-04T07:14:27-07:00 seed=0xd2578252 ... PASS
[1857] 2026-04-04T07:14:46-07:00 seed=0x7c40c6b1 ... PASS
[1858] 2026-04-04T07:15:03-07:00 seed=0x1c61cd98 ... PASS
[1859] 2026-04-04T07:15:21-07:00 seed=0x3f251f98 ... PASS
[1860] 2026-04-04T07:15:39-07:00 seed=0x0165776a ... PASS
[1861] 2026-04-04T07:15:57-07:00 seed=0xecb449c8 ... PASS
[1862] 2026-04-04T07:16:15-07:00 seed=0x46ae7847 ... PASS
[1863] 2026-04-04T07:16:33-07:00 seed=0x76bebd78 ... PASS
[65] 2026-04-04T07:16:47-07:00 seed=0x360443f9 ... PASS
[1864] 2026-04-04T07:16:51-07:00 seed=0x32d124ba ... PASS
[1865] 2026-04-04T07:17:08-07:00 seed=0x9ae88779 ... PASS
[1866] 2026-04-04T07:17:26-07:00 seed=0x7e2aab18 ... PASS
[1867] 2026-04-04T07:17:44-07:00 seed=0x912e197c ... PASS
[1868] 2026-04-04T07:18:01-07:00 seed=0x3f08175b ... PASS
[1869] 2026-04-04T07:18:19-07:00 seed=0xa896ad08 ... PASS
[1870] 2026-04-04T07:18:37-07:00 seed=0x4ca4942d ... PASS
[1871] 2026-04-04T07:18:55-07:00 seed=0x3dd24fcc ... PASS
[1872] 2026-04-04T07:19:13-07:00 seed=0xb8118c85 ... PASS
[1873] 2026-04-04T07:19:33-07:00 seed=0xb13982fb ... PASS
[1874] 2026-04-04T07:19:51-07:00 seed=0x0f492c0e ... PASS
[1875] 2026-04-04T07:20:09-07:00 seed=0xcc994db5 ... PASS
[1876] 2026-04-04T07:20:27-07:00 seed=0x38a94a35 ... PASS
[1877] 2026-04-04T07:20:45-07:00 seed=0xb7d6039b ... PASS
[1878] 2026-04-04T07:21:03-07:00 seed=0x0acd36b5 ... PASS
[1879] 2026-04-04T07:21:22-07:00 seed=0x7cf60ab0 ... PASS
[1880] 2026-04-04T07:21:39-07:00 seed=0xa5b53729 ... PASS
[1881] 2026-04-04T07:21:57-07:00 seed=0xdf661aef ... PASS
[1882] 2026-04-04T07:22:15-07:00 seed=0xd8b640f8 ... PASS
[1883] 2026-04-04T07:22:33-07:00 seed=0xd15255be ... PASS
[1884] 2026-04-04T07:22:51-07:00 seed=0x2bf0bfb0 ... PASS
[66] 2026-04-04T07:23:06-07:00 seed=0x62c67acf ... PASS
[1885] 2026-04-04T07:23:10-07:00 seed=0x5b699384 ... PASS
[1886] 2026-04-04T07:23:28-07:00 seed=0xb4626c2d ... PASS
[1887] 2026-04-04T07:23:46-07:00 seed=0x72987b86 ... PASS
[1888] 2026-04-04T07:24:04-07:00 seed=0xb17d8be5 ... PASS
[1889] 2026-04-04T07:24:22-07:00 seed=0x825aecfb ... PASS
[1890] 2026-04-04T07:24:39-07:00 seed=0x7e30c8b4 ... PASS
[1891] 2026-04-04T07:24:58-07:00 seed=0xc7083396 ... PASS
[1892] 2026-04-04T07:25:17-07:00 seed=0xc083dc08 ... PASS
[1893] 2026-04-04T07:25:35-07:00 seed=0xb4d801cc ... PASS
[1894] 2026-04-04T07:25:54-07:00 seed=0xf08155a4 ... PASS
[1895] 2026-04-04T07:26:12-07:00 seed=0xfbdaa8f0 ... PASS
[1896] 2026-04-04T07:26:31-07:00 seed=0x131e8f37 ... PASS
[1897] 2026-04-04T07:26:50-07:00 seed=0x8253d130 ... PASS
[1898] 2026-04-04T07:27:08-07:00 seed=0x82ebe237 ... PASS
[1899] 2026-04-04T07:27:27-07:00 seed=0x478615de ... PASS
[1900] 2026-04-04T07:27:44-07:00 seed=0xd03f8d37 ... PASS
[67] 2026-04-04T07:27:49-07:00 seed=0xe157d569 ... PASS
[1901] 2026-04-04T07:28:04-07:00 seed=0x26a8e40d ... PASS
[1902] 2026-04-04T07:28:22-07:00 seed=0x9dbca2c6 ... PASS
[1903] 2026-04-04T07:28:41-07:00 seed=0xcfd2e73c ... PASS
[1904] 2026-04-04T07:29:00-07:00 seed=0xeb2b2c2d ... PASS
[1905] 2026-04-04T07:29:18-07:00 seed=0x2f16fb15 ... PASS
[1906] 2026-04-04T07:29:36-07:00 seed=0xc7ff5db5 ... PASS
[1907] 2026-04-04T07:29:54-07:00 seed=0x60325c18 ... PASS
[1908] 2026-04-04T07:30:13-07:00 seed=0xa04ba04f ... PASS
[1909] 2026-04-04T07:30:31-07:00 seed=0x904c0fcd ... PASS
[1910] 2026-04-04T07:30:49-07:00 seed=0x74a26aaf ... PASS
[1911] 2026-04-04T07:31:07-07:00 seed=0x8cd0b013 ... PASS
[1912] 2026-04-04T07:31:26-07:00 seed=0x8c66eb78 ... PASS
[1913] 2026-04-04T07:31:44-07:00 seed=0x6cde1a7b ... PASS
[1914] 2026-04-04T07:32:03-07:00 seed=0x2ee6b3e1 ... PASS
[1915] 2026-04-04T07:32:23-07:00 seed=0x25858183 ... PASS
[1916] 2026-04-04T07:32:45-07:00 seed=0x8585eccc ... PASS
[1917] 2026-04-04T07:33:06-07:00 seed=0xd073389a ... PASS
[1918] 2026-04-04T07:33:29-07:00 seed=0xf0d55107 ... PASS
[1919] 2026-04-04T07:33:50-07:00 seed=0x85463933 ... PASS
[1920] 2026-04-04T07:34:12-07:00 seed=0x05eef014 ... PASS
[1921] 2026-04-04T07:34:32-07:00 seed=0xd7906415 ... PASS
[1922] 2026-04-04T07:34:55-07:00 seed=0xa05fbfda ... PASS
[1923] 2026-04-04T07:35:18-07:00 seed=0xab8ecd52 ... PASS
[1924] 2026-04-04T07:35:41-07:00 seed=0x6ec7a628 ... PASS
[1925] 2026-04-04T07:36:04-07:00 seed=0x2d6939a1 ... PASS
[1926] 2026-04-04T07:36:29-07:00 seed=0x6546c069 ... PASS
[1927] 2026-04-04T07:36:53-07:00 seed=0x23caf3cb ... PASS
[1928] 2026-04-04T07:37:16-07:00 seed=0xcd158ab0 ... PASS
[1929] 2026-04-04T07:37:38-07:00 seed=0x516f9c46 ... PASS
[1930] 2026-04-04T07:38:03-07:00 seed=0x52c5daa1 ... PASS
[1931] 2026-04-04T07:38:27-07:00 seed=0x132f0b7b ... PASS
[1932] 2026-04-04T07:38:49-07:00 seed=0x0dd654ee ... PASS
[1933] 2026-04-04T07:39:14-07:00 seed=0x44e35a09 ... PASS
[1934] 2026-04-04T07:39:38-07:00 seed=0x142568e9 ... PASS
[1935] 2026-04-04T07:40:02-07:00 seed=0x706bade9 ... PASS
[1936] 2026-04-04T07:40:24-07:00 seed=0xb7a250bd ... PASS
[68] 2026-04-04T07:40:27-07:00 seed=0x42b6a3ca ... PASS
[1937] 2026-04-04T07:40:47-07:00 seed=0x94ea4b81 ... PASS
[1938] 2026-04-04T07:41:11-07:00 seed=0x180fbf71 ... PASS
[1939] 2026-04-04T07:41:34-07:00 seed=0x98a341f1 ... PASS
[1940] 2026-04-04T07:41:54-07:00 seed=0x1405db04 ... PASS
[1941] 2026-04-04T07:42:13-07:00 seed=0x92137665 ... PASS
[1942] 2026-04-04T07:42:32-07:00 seed=0x24c50073 ... PASS
[1943] 2026-04-04T07:42:52-07:00 seed=0xe4e5bfdb ... PASS
[1944] 2026-04-04T07:43:14-07:00 seed=0x1e8b8eb2 ... PASS
[1945] 2026-04-04T07:43:34-07:00 seed=0x9839551f ... PASS
[1946] 2026-04-04T07:43:55-07:00 seed=0x347550e8 ... PASS
[1947] 2026-04-04T07:44:15-07:00 seed=0xf2c1b9cb ... PASS
[1948] 2026-04-04T07:44:35-07:00 seed=0x477f8589 ... PASS
[1949] 2026-04-04T07:44:56-07:00 seed=0x76033e4e ... PASS
[1950] 2026-04-04T07:45:16-07:00 seed=0xcee817bb ... PASS
[1951] 2026-04-04T07:45:38-07:00 seed=0x4b1bb8c0 ... PASS
[1952] 2026-04-04T07:45:58-07:00 seed=0xb40290ed ... PASS
[1953] 2026-04-04T07:46:19-07:00 seed=0x24737176 ... PASS
[1954] 2026-04-04T07:46:39-07:00 seed=0x35fb4fe0 ... PASS
[1955] 2026-04-04T07:47:01-07:00 seed=0x7f5735f1 ... PASS
[1956] 2026-04-04T07:47:23-07:00 seed=0x170b679e ... PASS
[1957] 2026-04-04T07:47:43-07:00 seed=0x451f0de9 ... PASS
[1958] 2026-04-04T07:48:04-07:00 seed=0x6ae128d2 ... PASS
[1959] 2026-04-04T07:48:25-07:00 seed=0xc1d4d186 ... PASS
[1960] 2026-04-04T07:48:47-07:00 seed=0x2d9cd868 ... PASS
[1961] 2026-04-04T07:49:08-07:00 seed=0x9c9ddff5 ... PASS
[1962] 2026-04-04T07:49:29-07:00 seed=0x6cbd3e3b ... PASS
[1963] 2026-04-04T07:49:50-07:00 seed=0xd1406c9e ... PASS
[1964] 2026-04-04T07:50:12-07:00 seed=0xa25d98d0 ... PASS
[69] 2026-04-04T07:50:32-07:00 seed=0xeef76f24 ... PASS
[1965] 2026-04-04T07:50:34-07:00 seed=0xde6a13b7 ... PASS
[1966] 2026-04-04T07:50:55-07:00 seed=0x2a7235ed ... PASS
[1967] 2026-04-04T07:51:17-07:00 seed=0x99a8c662 ... PASS
[1968] 2026-04-04T07:51:39-07:00 seed=0x0445a0d9 ... PASS
[1969] 2026-04-04T07:52:00-07:00 seed=0x7099ddf8 ... PASS
[1970] 2026-04-04T07:52:20-07:00 seed=0xe4cb898e ... PASS
[1971] 2026-04-04T07:52:42-07:00 seed=0x6ad3ee7b ... PASS
[1972] 2026-04-04T07:53:06-07:00 seed=0x7d15d9bc ... PASS
[1973] 2026-04-04T07:53:28-07:00 seed=0xbd641391 ... PASS
[1974] 2026-04-04T07:53:49-07:00 seed=0xe7b91aa2 ... PASS
[1975] 2026-04-04T07:54:11-07:00 seed=0xcdee2b95 ... PASS
[1976] 2026-04-04T07:54:33-07:00 seed=0xd1412d47 ... PASS
[1977] 2026-04-04T07:54:54-07:00 seed=0x1a160f09 ... PASS
[1978] 2026-04-04T07:55:16-07:00 seed=0xe480e44a ... PASS
[1979] 2026-04-04T07:55:37-07:00 seed=0xce3c886b ... PASS
[1980] 2026-04-04T07:56:00-07:00 seed=0xbdd06997 ... PASS
[1981] 2026-04-04T07:56:23-07:00 seed=0xdc44b848 ... PASS
[1982] 2026-04-04T07:56:46-07:00 seed=0x9b9f7fcb ... PASS
[1983] 2026-04-04T07:57:08-07:00 seed=0x8c2bf4e2 ... PASS
[1984] 2026-04-04T07:57:31-07:00 seed=0xaa6e5e9c ... PASS
[1985] 2026-04-04T07:57:54-07:00 seed=0x2a79ad6c ... PASS
[1986] 2026-04-04T07:58:15-07:00 seed=0x80cfe483 ... PASS
[1987] 2026-04-04T07:58:36-07:00 seed=0xbff5cc71 ... PASS
[70] 2026-04-04T07:58:49-07:00 seed=0x05b74105 ... PASS
[1988] 2026-04-04T07:58:57-07:00 seed=0x08674369 ... PASS
[1989] 2026-04-04T07:59:19-07:00 seed=0xfbb4aa8e ... PASS
[1990] 2026-04-04T07:59:40-07:00 seed=0x31640b72 ... PASS
[1991] 2026-04-04T08:00:00-07:00 seed=0x0fb24d28 ... PASS
[1992] 2026-04-04T08:00:21-07:00 seed=0x33153ba0 ... PASS
[1993] 2026-04-04T08:00:43-07:00 seed=0xe68c009f ... PASS
[1994] 2026-04-04T08:01:03-07:00 seed=0x7c736f02 ... PASS
[1995] 2026-04-04T08:01:23-07:00 seed=0xfcde7e55 ... PASS
[1996] 2026-04-04T08:01:44-07:00 seed=0x5fc5f3a5 ... PASS
[1997] 2026-04-04T08:02:05-07:00 seed=0x67b2582c ... PASS
[1998] 2026-04-04T08:02:25-07:00 seed=0x80c7ba65 ... PASS
[1999] 2026-04-04T08:02:46-07:00 seed=0x58388970 ... PASS
[2000] 2026-04-04T08:03:07-07:00 seed=0x06d1ef2d ... PASS
[2001] 2026-04-04T08:03:28-07:00 seed=0xd98618eb ... PASS
[2002] 2026-04-04T08:03:51-07:00 seed=0x7c01c4de ... PASS
[2003] 2026-04-04T08:04:13-07:00 seed=0xf797e26d ... PASS
[2004] 2026-04-04T08:04:35-07:00 seed=0x29abb6fa ... PASS
[2005] 2026-04-04T08:04:59-07:00 seed=0x6b387d31 ... PASS
[2006] 2026-04-04T08:05:21-07:00 seed=0x7c2f4b45 ... PASS
[2007] 2026-04-04T08:05:42-07:00 seed=0xb16019dc ... PASS
[2008] 2026-04-04T08:06:01-07:00 seed=0xae33642f ... PASS
[2009] 2026-04-04T08:06:20-07:00 seed=0xa710f113 ... PASS
[2010] 2026-04-04T08:06:38-07:00 seed=0x1bce96f1 ... PASS
[2011] 2026-04-04T08:06:57-07:00 seed=0x2076a39d ... PASS
[2012] 2026-04-04T08:07:15-07:00 seed=0x1bc248a7 ... PASS
[2013] 2026-04-04T08:07:35-07:00 seed=0xe0f65c23 ... PASS
[2014] 2026-04-04T08:07:55-07:00 seed=0xf0fe8d4d ... PASS
[2015] 2026-04-04T08:08:17-07:00 seed=0x0d3b01a8 ... PASS
[2016] 2026-04-04T08:08:39-07:00 seed=0x5427bfa9 ... PASS
[2017] 2026-04-04T08:08:59-07:00 seed=0x280dbaf6 ... PASS
[2018] 2026-04-04T08:09:19-07:00 seed=0xa4e34aff ... PASS
[2019] 2026-04-04T08:09:40-07:00 seed=0x4d03ac39 ... PASS
[2020] 2026-04-04T08:10:01-07:00 seed=0x11d63f32 ... PASS
[2021] 2026-04-04T08:10:21-07:00 seed=0x09eda4ac ... PASS
[2022] 2026-04-04T08:10:41-07:00 seed=0x3801f788 ... PASS
[2023] 2026-04-04T08:11:02-07:00 seed=0x6a6cdeb6 ... PASS
[2024] 2026-04-04T08:11:21-07:00 seed=0x9e1590c7 ... PASS
[2025] 2026-04-04T08:11:42-07:00 seed=0x954ef47a ... PASS
[2026] 2026-04-04T08:12:08-07:00 seed=0x241dcf5b ... PASS
[2027] 2026-04-04T08:12:36-07:00 seed=0x363a5081 ... PASS
[2028] 2026-04-04T08:13:00-07:00 seed=0x62963096 ... PASS
[2029] 2026-04-04T08:13:22-07:00 seed=0x6afd6aa6 ... PASS
[2030] 2026-04-04T08:13:43-07:00 seed=0x090ef315 ... PASS
[2031] 2026-04-04T08:14:04-07:00 seed=0x85b3e7d9 ... PASS
[2032] 2026-04-04T08:14:25-07:00 seed=0x9e0aaa85 ... PASS
[2033] 2026-04-04T08:14:46-07:00 seed=0xa8c783dc ... PASS
[2034] 2026-04-04T08:15:07-07:00 seed=0xd4531254 ... PASS
[2035] 2026-04-04T08:15:26-07:00 seed=0xf142ddad ... PASS
[2036] 2026-04-04T08:15:46-07:00 seed=0x8b418104 ... PASS
[2037] 2026-04-04T08:16:07-07:00 seed=0x6daf8e8c ... PASS
[2038] 2026-04-04T08:16:27-07:00 seed=0xe4fb05da ... PASS
[2039] 2026-04-04T08:16:46-07:00 seed=0xdb23ef5a ... PASS
[71] 2026-04-04T08:16:56-07:00 seed=0xf5b22d32 ... PASS
[2040] 2026-04-04T08:17:06-07:00 seed=0x0085c6ea ... PASS
[2041] 2026-04-04T08:17:29-07:00 seed=0x13d6eafc ... PASS
[2042] 2026-04-04T08:17:49-07:00 seed=0x22983343 ... PASS
[2043] 2026-04-04T08:18:10-07:00 seed=0xc7f9830a ... PASS
[2044] 2026-04-04T08:18:30-07:00 seed=0xa676a193 ... PASS
[2045] 2026-04-04T08:18:51-07:00 seed=0x634371bb ... PASS
[2046] 2026-04-04T08:19:12-07:00 seed=0xc55c131a ... PASS
[2047] 2026-04-04T08:19:33-07:00 seed=0xa0b67340 ... PASS
[2048] 2026-04-04T08:19:53-07:00 seed=0x27b39fb9 ... PASS
[2049] 2026-04-04T08:20:13-07:00 seed=0x5814a53f ... PASS
[2050] 2026-04-04T08:20:34-07:00 seed=0xc743dfae ... PASS
[2051] 2026-04-04T08:20:54-07:00 seed=0x444b7f1e ... PASS
[2052] 2026-04-04T08:21:15-07:00 seed=0x28b8aef6 ... PASS
[2053] 2026-04-04T08:21:35-07:00 seed=0x746359a3 ... PASS
[2054] 2026-04-04T08:21:56-07:00 seed=0x06221c51 ... PASS
[2055] 2026-04-04T08:22:16-07:00 seed=0x1f43d102 ... PASS
[2056] 2026-04-04T08:22:37-07:00 seed=0xc5985b79 ... PASS
[2057] 2026-04-04T08:22:58-07:00 seed=0xb123a65e ... PASS
[2058] 2026-04-04T08:23:19-07:00 seed=0xb3005f65 ... PASS
[2059] 2026-04-04T08:23:39-07:00 seed=0x99047f2b ... PASS
[2060] 2026-04-04T08:23:59-07:00 seed=0x5c3efcda ... PASS
[2061] 2026-04-04T08:24:21-07:00 seed=0x6ea89a68 ... PASS
[2062] 2026-04-04T08:24:41-07:00 seed=0xddc04573 ... PASS
[2063] 2026-04-04T08:25:02-07:00 seed=0x75bb90e4 ... PASS
[2064] 2026-04-04T08:25:22-07:00 seed=0xf38cf5d7 ... PASS
[2065] 2026-04-04T08:25:43-07:00 seed=0x4d7fa96b ... PASS
[2066] 2026-04-04T08:26:06-07:00 seed=0x2aaf29c5 ... PASS
[2067] 2026-04-04T08:26:28-07:00 seed=0xd08e495c ... PASS
[2068] 2026-04-04T08:26:47-07:00 seed=0x0228851f ... PASS
[2069] 2026-04-04T08:27:08-07:00 seed=0xa88311ce ... PASS
[2070] 2026-04-04T08:27:29-07:00 seed=0xe96276db ... PASS
[2071] 2026-04-04T08:27:49-07:00 seed=0x54197f95 ... PASS
[2072] 2026-04-04T08:28:08-07:00 seed=0x403f161b ... PASS
[2073] 2026-04-04T08:28:29-07:00 seed=0xf91d895d ... PASS
[2074] 2026-04-04T08:28:49-07:00 seed=0x7c800d5e ... PASS
[2075] 2026-04-04T08:29:10-07:00 seed=0x210608e4 ... PASS
[2076] 2026-04-04T08:29:30-07:00 seed=0x69070a2b ... PASS
[2077] 2026-04-04T08:29:49-07:00 seed=0xbe85b361 ... PASS
[72] 2026-04-04T08:30:08-07:00 seed=0x75c143ee ... PASS
[2078] 2026-04-04T08:30:09-07:00 seed=0x06c743ca ... PASS
[2079] 2026-04-04T08:30:29-07:00 seed=0x53953ad5 ... PASS
[2080] 2026-04-04T08:30:50-07:00 seed=0x1945c8a4 ... PASS
[2081] 2026-04-04T08:31:11-07:00 seed=0x1571c380 ... PASS
[2082] 2026-04-04T08:31:31-07:00 seed=0xddff92e9 ... PASS
[2083] 2026-04-04T08:31:52-07:00 seed=0x0f1f7fa1 ... PASS
[2084] 2026-04-04T08:32:14-07:00 seed=0x957b9ad8 ... PASS
[2085] 2026-04-04T08:32:36-07:00 seed=0x24643844 ... PASS
[2086] 2026-04-04T08:32:59-07:00 seed=0x8de06d44 ... PASS
[2087] 2026-04-04T08:33:20-07:00 seed=0x3acd62a8 ... PASS
[2088] 2026-04-04T08:33:42-07:00 seed=0xca813aca ... PASS
[2089] 2026-04-04T08:34:03-07:00 seed=0x8dccaf89 ... PASS
[2090] 2026-04-04T08:34:25-07:00 seed=0x7dccda8a ... PASS
[2091] 2026-04-04T08:34:46-07:00 seed=0xa7627754 ... PASS
[2092] 2026-04-04T08:35:07-07:00 seed=0x7d266496 ... PASS
[2093] 2026-04-04T08:35:28-07:00 seed=0x6b898812 ... PASS
[2094] 2026-04-04T08:35:49-07:00 seed=0x3d4c2963 ... PASS
[2095] 2026-04-04T08:36:10-07:00 seed=0xe24d1c5b ... PASS
[2096] 2026-04-04T08:36:33-07:00 seed=0x51e3bafa ... PASS
[2097] 2026-04-04T08:36:52-07:00 seed=0x979423fc ... PASS
[2098] 2026-04-04T08:37:13-07:00 seed=0x6b46b6ca ... PASS
[2099] 2026-04-04T08:37:33-07:00 seed=0xa302cf93 ... PASS
[2100] 2026-04-04T08:37:55-07:00 seed=0xc0378ba9 ... PASS
[2101] 2026-04-04T08:38:17-07:00 seed=0xd291ad18 ... PASS
[2102] 2026-04-04T08:38:39-07:00 seed=0x56b5e34b ... PASS
[2103] 2026-04-04T08:39:00-07:00 seed=0xb1a53231 ... PASS
[2104] 2026-04-04T08:39:23-07:00 seed=0x86f293b7 ... PASS
[2105] 2026-04-04T08:39:46-07:00 seed=0x8f3df6f9 ... PASS
[2106] 2026-04-04T08:40:08-07:00 seed=0xb73d5e3a ... PASS
[2107] 2026-04-04T08:40:29-07:00 seed=0x0aa11440 ... PASS
[2108] 2026-04-04T08:40:52-07:00 seed=0x6856eec3 ... PASS
[2109] 2026-04-04T08:41:16-07:00 seed=0x44e067a2 ... PASS
[2110] 2026-04-04T08:41:37-07:00 seed=0xfb3fe8ed ... PASS
[2111] 2026-04-04T08:42:01-07:00 seed=0xcbbd4c94 ... PASS
[2112] 2026-04-04T08:42:22-07:00 seed=0x73e6905a ... PASS
[2113] 2026-04-04T08:42:42-07:00 seed=0x47416fc8 ... PASS
[2114] 2026-04-04T08:43:01-07:00 seed=0xa801a188 ... PASS
[2115] 2026-04-04T08:43:22-07:00 seed=0xa0e1b544 ... PASS
[2116] 2026-04-04T08:43:45-07:00 seed=0x0e5f617c ... PASS
[2117] 2026-04-04T08:44:07-07:00 seed=0x74b64458 ... PASS
[73] 2026-04-04T08:44:22-07:00 seed=0xe9ac2760 ... PASS
[2118] 2026-04-04T08:44:31-07:00 seed=0xe254bacc ... PASS
[2119] 2026-04-04T08:44:50-07:00 seed=0xf333e1a4 ... PASS
[2120] 2026-04-04T08:45:11-07:00 seed=0xa51f8bf0 ... PASS
[2121] 2026-04-04T08:45:30-07:00 seed=0x4b6dbf47 ... PASS
[2122] 2026-04-04T08:45:51-07:00 seed=0x6bbc1301 ... PASS
[2123] 2026-04-04T08:46:13-07:00 seed=0x0a1382a9 ... PASS
[2124] 2026-04-04T08:46:35-07:00 seed=0x31453fc6 ... PASS
[2125] 2026-04-04T08:46:55-07:00 seed=0x1a17b2dd ... PASS
[2126] 2026-04-04T08:47:17-07:00 seed=0xb33ac43f ... PASS
[2127] 2026-04-04T08:47:39-07:00 seed=0x1a92acc7 ... PASS
[2128] 2026-04-04T08:48:01-07:00 seed=0xb5b456a1 ... PASS
[2129] 2026-04-04T08:48:22-07:00 seed=0x8decca9f ... PASS
[2130] 2026-04-04T08:48:45-07:00 seed=0x30f198f9 ... PASS
[2131] 2026-04-04T08:49:06-07:00 seed=0x173d4213 ... PASS
[2132] 2026-04-04T08:49:26-07:00 seed=0x66d55b62 ... PASS
[2133] 2026-04-04T08:49:47-07:00 seed=0xaa8d4d3a ... PASS
[74] 2026-04-04T08:50:08-07:00 seed=0x9498e3e3 ... PASS
[2134] 2026-04-04T08:50:09-07:00 seed=0xde5653c6 ... PASS
[2135] 2026-04-04T08:50:30-07:00 seed=0x08c7bfda ... PASS
[2136] 2026-04-04T08:50:51-07:00 seed=0x7b9cd867 ... PASS
[2137] 2026-04-04T08:51:13-07:00 seed=0x316299e0 ... PASS
[2138] 2026-04-04T08:51:36-07:00 seed=0x5d6da03e ... PASS
[2139] 2026-04-04T08:51:57-07:00 seed=0x2f05df6a ... PASS
[2140] 2026-04-04T08:52:18-07:00 seed=0xc0058c9a ... PASS
[2141] 2026-04-04T08:52:39-07:00 seed=0x7b97dac8 ... PASS
[2142] 2026-04-04T08:53:02-07:00 seed=0x9c1bebc0 ... PASS
[2143] 2026-04-04T08:53:23-07:00 seed=0x43a70def ... PASS
[2144] 2026-04-04T08:53:45-07:00 seed=0x25b43fa1 ... PASS
[2145] 2026-04-04T08:54:06-07:00 seed=0xa8e808ea ... PASS
[2146] 2026-04-04T08:54:28-07:00 seed=0xdfb1cf4b ... PASS
[2147] 2026-04-04T08:54:51-07:00 seed=0x944ad86d ... PASS
[2148] 2026-04-04T08:55:11-07:00 seed=0xc53ae3d8 ... PASS
[2149] 2026-04-04T08:55:32-07:00 seed=0x28694034 ... PASS
[2150] 2026-04-04T08:55:52-07:00 seed=0x2324ff49 ... PASS
[2151] 2026-04-04T08:56:15-07:00 seed=0x4b678939 ... PASS
[2152] 2026-04-04T08:56:36-07:00 seed=0xfdce1136 ... PASS
[2153] 2026-04-04T08:56:57-07:00 seed=0x1e28c8a6 ... PASS
[2154] 2026-04-04T08:57:18-07:00 seed=0xdf5467f8 ... PASS
[2155] 2026-04-04T08:57:39-07:00 seed=0xb65e514a ... PASS
[2156] 2026-04-04T08:58:01-07:00 seed=0x5884f7ad ... PASS
[2157] 2026-04-04T08:58:22-07:00 seed=0x86a5ba20 ... PASS
[2158] 2026-04-04T08:58:43-07:00 seed=0x8b5517a9 ... PASS
[2159] 2026-04-04T08:59:04-07:00 seed=0x2f7ff066 ... PASS
[2160] 2026-04-04T08:59:25-07:00 seed=0x95cd378d ... PASS
[2161] 2026-04-04T08:59:45-07:00 seed=0xc0158b72 ... PASS
[2162] 2026-04-04T09:00:05-07:00 seed=0x52833bef ... PASS
[2163] 2026-04-04T09:00:26-07:00 seed=0xf5556ec7 ... PASS
[2164] 2026-04-04T09:00:47-07:00 seed=0x015be7a3 ... PASS
[2165] 2026-04-04T09:01:07-07:00 seed=0x4b33bd98 ... PASS
[2166] 2026-04-04T09:01:28-07:00 seed=0x5d18fb73 ... PASS
[2167] 2026-04-04T09:01:48-07:00 seed=0xb1a96425 ... PASS
[2168] 2026-04-04T09:02:10-07:00 seed=0x0c6082b6 ... PASS
[2169] 2026-04-04T09:02:31-07:00 seed=0x330f8a88 ... PASS
[2170] 2026-04-04T09:02:52-07:00 seed=0xdcaf934e ... PASS
[2171] 2026-04-04T09:03:14-07:00 seed=0xf594327a ... PASS
[2172] 2026-04-04T09:03:36-07:00 seed=0xef4c5800 ... PASS
[2173] 2026-04-04T09:03:57-07:00 seed=0x003d5a09 ... PASS
[2174] 2026-04-04T09:04:19-07:00 seed=0x3b5222a0 ... PASS
[2175] 2026-04-04T09:04:39-07:00 seed=0xb7176d0b ... PASS
[2176] 2026-04-04T09:05:01-07:00 seed=0xb3357ce7 ... PASS
[2177] 2026-04-04T09:05:23-07:00 seed=0xe13e5d28 ... PASS
[2178] 2026-04-04T09:05:43-07:00 seed=0x4de976ea ... PASS
[2179] 2026-04-04T09:06:04-07:00 seed=0x3e833c41 ... PASS
[2180] 2026-04-04T09:06:24-07:00 seed=0x99db4a3f ... PASS
[2181] 2026-04-04T09:06:47-07:00 seed=0x2cbc0f6d ... PASS
[2182] 2026-04-04T09:07:06-07:00 seed=0x99b17157 ... PASS
[2183] 2026-04-04T09:07:25-07:00 seed=0x2232b24b ... PASS
[2184] 2026-04-04T09:07:46-07:00 seed=0x89c9b8f8 ... PASS
[75] 2026-04-04T09:08:03-07:00 seed=0x5387ebdc ... PASS
[2185] 2026-04-04T09:08:07-07:00 seed=0xc1cb860f ... PASS
[2186] 2026-04-04T09:08:29-07:00 seed=0x717f0e76 ... PASS
[2187] 2026-04-04T09:08:49-07:00 seed=0x2c53585b ... PASS
[2188] 2026-04-04T09:09:13-07:00 seed=0x5eb84788 ... PASS
[2189] 2026-04-04T09:09:36-07:00 seed=0x9f075e41 ... PASS
[2190] 2026-04-04T09:09:59-07:00 seed=0xd2411a3b ... PASS
[2191] 2026-04-04T09:10:21-07:00 seed=0xaa7a919b ... PASS
[2192] 2026-04-04T09:10:42-07:00 seed=0xbc67d6ec ... PASS
[2193] 2026-04-04T09:11:04-07:00 seed=0xaf55d2a4 ... PASS
[2194] 2026-04-04T09:11:24-07:00 seed=0x92c1b8e2 ... PASS
[2195] 2026-04-04T09:11:45-07:00 seed=0xe0977464 ... PASS
[2196] 2026-04-04T09:12:06-07:00 seed=0x65689c0f ... PASS
[2197] 2026-04-04T09:12:33-07:00 seed=0xc963faef ... PASS
[2198] 2026-04-04T09:12:55-07:00 seed=0xe7d0031c ... PASS
[2199] 2026-04-04T09:13:16-07:00 seed=0x85d89987 ... PASS
[76] 2026-04-04T09:13:30-07:00 seed=0xde88d63a ... PASS
[2200] 2026-04-04T09:13:37-07:00 seed=0x45e83685 ... PASS
[2201] 2026-04-04T09:13:58-07:00 seed=0x91e4ec11 ... PASS
[2202] 2026-04-04T09:14:18-07:00 seed=0x83a07820 ... PASS
[2203] 2026-04-04T09:14:38-07:00 seed=0x31619752 ... PASS
[2204] 2026-04-04T09:14:58-07:00 seed=0x1618e80c ... PASS
[2205] 2026-04-04T09:15:19-07:00 seed=0x8dc1ec0f ... PASS
[2206] 2026-04-04T09:15:40-07:00 seed=0x059d1c77 ... PASS
[2207] 2026-04-04T09:16:00-07:00 seed=0xd8ae3ffd ... PASS
[2208] 2026-04-04T09:16:20-07:00 seed=0xcfb4b6ea ... PASS
[2209] 2026-04-04T09:16:42-07:00 seed=0x5d17bde4 ... PASS
[2210] 2026-04-04T09:17:04-07:00 seed=0x5c21cb9f ... PASS
[2211] 2026-04-04T09:17:24-07:00 seed=0x4e8eb6a0 ... PASS
[2212] 2026-04-04T09:17:44-07:00 seed=0x4033b0b0 ... PASS
[77] 2026-04-04T09:17:44-07:00 seed=0x729469ae ... PASS
[2213] 2026-04-04T09:18:05-07:00 seed=0x05473d55 ... PASS
[2214] 2026-04-04T09:18:27-07:00 seed=0x9a3ea0f7 ... PASS
[2215] 2026-04-04T09:18:47-07:00 seed=0xa594fb01 ... PASS
[2216] 2026-04-04T09:19:14-07:00 seed=0xfd644144 ... PASS
[2217] 2026-04-04T09:19:39-07:00 seed=0x0ed79f5b ... PASS
[2218] 2026-04-04T09:20:04-07:00 seed=0x97dfbaf8 ... PASS
[2219] 2026-04-04T09:20:28-07:00 seed=0xe1ea3571 ... PASS
[2220] 2026-04-04T09:20:53-07:00 seed=0x681b1af4 ... PASS
[2221] 2026-04-04T09:21:19-07:00 seed=0x8a2ab07c ... PASS
[2222] 2026-04-04T09:21:40-07:00 seed=0x84ff53aa ... PASS
[2223] 2026-04-04T09:22:01-07:00 seed=0x0106dcfb ... PASS
[2224] 2026-04-04T09:22:22-07:00 seed=0xb2426aee ... PASS
[2225] 2026-04-04T09:22:46-07:00 seed=0x7188e2fe ... PASS
[2226] 2026-04-04T09:23:09-07:00 seed=0xecbb0a48 ... PASS
[2227] 2026-04-04T09:23:29-07:00 seed=0x32515778 ... PASS
[2228] 2026-04-04T09:23:50-07:00 seed=0xf3db33de ... PASS
[2229] 2026-04-04T09:24:11-07:00 seed=0x5b0c31bc ... PASS
[2230] 2026-04-04T09:24:30-07:00 seed=0x15f710bb ... PASS
[2231] 2026-04-04T09:24:50-07:00 seed=0x7787a158 ... PASS
[2232] 2026-04-04T09:25:10-07:00 seed=0x9ddd80dc ... PASS
[2233] 2026-04-04T09:25:30-07:00 seed=0xe31e26af ... PASS
[2234] 2026-04-04T09:25:50-07:00 seed=0x89c067b8 ... PASS
[2235] 2026-04-04T09:26:09-07:00 seed=0x4662ae38 ... PASS
[2236] 2026-04-04T09:26:29-07:00 seed=0x9cf5d7fb ... PASS
[2237] 2026-04-04T09:26:51-07:00 seed=0x32e4db3f ... PASS
[2238] 2026-04-04T09:27:11-07:00 seed=0x3b730294 ... PASS
[2239] 2026-04-04T09:27:29-07:00 seed=0x2a673e64 ... PASS
[2240] 2026-04-04T09:27:47-07:00 seed=0x472dd1ae ... PASS
[2241] 2026-04-04T09:28:06-07:00 seed=0x4debc466 ... PASS
[2242] 2026-04-04T09:28:24-07:00 seed=0x7c6bdba9 ... PASS
[2243] 2026-04-04T09:28:43-07:00 seed=0x03417445 ... PASS
[2244] 2026-04-04T09:29:02-07:00 seed=0xa37f0a86 ... PASS
[78] 2026-04-04T09:29:08-07:00 seed=0x627b2fde ... PASS
[2245] 2026-04-04T09:29:22-07:00 seed=0xa7f14d41 ... PASS
[2246] 2026-04-04T09:29:42-07:00 seed=0x2b1e483b ... PASS
[2247] 2026-04-04T09:30:01-07:00 seed=0x89159d17 ... PASS
[2248] 2026-04-04T09:30:19-07:00 seed=0x380d268a ... PASS
[2249] 2026-04-04T09:30:38-07:00 seed=0x4398226e ... PASS
[2250] 2026-04-04T09:30:57-07:00 seed=0xd697f68c ... PASS
[2251] 2026-04-04T09:31:16-07:00 seed=0x55c81ab0 ... PASS
[2252] 2026-04-04T09:31:35-07:00 seed=0x8da2c479 ... PASS
[2253] 2026-04-04T09:31:55-07:00 seed=0xfe674c1f ... PASS
[2254] 2026-04-04T09:32:14-07:00 seed=0xb4ef4b95 ... PASS
[2255] 2026-04-04T09:32:35-07:00 seed=0x6d2224ec ... PASS
[2256] 2026-04-04T09:32:55-07:00 seed=0x2a6817b4 ... PASS
[2257] 2026-04-04T09:33:18-07:00 seed=0xd7e3b6fd ... PASS
[2258] 2026-04-04T09:33:37-07:00 seed=0x080ddb31 ... PASS
[2259] 2026-04-04T09:33:56-07:00 seed=0x16130803 ... PASS
[2260] 2026-04-04T09:34:16-07:00 seed=0xcb92c8f2 ... PASS
[2261] 2026-04-04T09:34:36-07:00 seed=0xbc613e03 ... PASS
[2262] 2026-04-04T09:34:53-07:00 seed=0x57bc22d7 ... PASS
[2263] 2026-04-04T09:35:12-07:00 seed=0x5f4ec82c ... PASS
[2264] 2026-04-04T09:35:31-07:00 seed=0xeb0c6bcd ... PASS
[2265] 2026-04-04T09:35:53-07:00 seed=0x0c603bf4 ... PASS
[2266] 2026-04-04T09:36:12-07:00 seed=0x2e23b0fc ... PASS
[79] 2026-04-04T09:36:17-07:00 seed=0x7ffe0251 ... PASS
[2267] 2026-04-04T09:36:32-07:00 seed=0x975a11f2 ... PASS
[2268] 2026-04-04T09:36:52-07:00 seed=0xa68733d3 ... PASS
[2269] 2026-04-04T09:37:11-07:00 seed=0x713bc779 ... PASS
[2270] 2026-04-04T09:37:30-07:00 seed=0x1f1b1f3b ... PASS
[2271] 2026-04-04T09:37:50-07:00 seed=0xc5e6e270 ... PASS
[2272] 2026-04-04T09:38:11-07:00 seed=0xa04e57be ... PASS
[2273] 2026-04-04T09:38:32-07:00 seed=0xd6163cca ... PASS
[2274] 2026-04-04T09:38:54-07:00 seed=0x093a9ad2 ... PASS
[2275] 2026-04-04T09:39:15-07:00 seed=0xdfe318ee ... PASS
[2276] 2026-04-04T09:39:38-07:00 seed=0x2ac527c3 ... PASS
[2277] 2026-04-04T09:40:00-07:00 seed=0xdf3eb53a ... PASS
[2278] 2026-04-04T09:40:23-07:00 seed=0x05898194 ... PASS
[2279] 2026-04-04T09:40:45-07:00 seed=0xc181cfa7 ... PASS
[2280] 2026-04-04T09:41:09-07:00 seed=0xd9d8ef5f ... PASS
[2281] 2026-04-04T09:41:30-07:00 seed=0x08030fae ... PASS
[2282] 2026-04-04T09:41:50-07:00 seed=0xe9c25acd ... PASS
[2283] 2026-04-04T09:42:11-07:00 seed=0xf52c62ac ... PASS
[2284] 2026-04-04T09:42:36-07:00 seed=0x7c80eeae ... PASS
[2285] 2026-04-04T09:42:59-07:00 seed=0xd5a75363 ... PASS
[80] 2026-04-04T09:43:16-07:00 seed=0xd232d37a ... PASS
[2286] 2026-04-04T09:43:21-07:00 seed=0x130d0108 ... PASS
[2287] 2026-04-04T09:43:44-07:00 seed=0x3f0deefe ... PASS
[2288] 2026-04-04T09:44:08-07:00 seed=0x96824edd ... PASS
[2289] 2026-04-04T09:44:28-07:00 seed=0x17ce8590 ... PASS
[2290] 2026-04-04T09:44:49-07:00 seed=0x8bed72a2 ... PASS
[2291] 2026-04-04T09:45:10-07:00 seed=0xfcbd3f8b ... PASS
[2292] 2026-04-04T09:45:32-07:00 seed=0xada60fbd ... PASS
[2293] 2026-04-04T09:45:53-07:00 seed=0xd195834b ... PASS
[2294] 2026-04-04T09:46:15-07:00 seed=0x7d8a7a88 ... PASS
[2295] 2026-04-04T09:46:36-07:00 seed=0xf20f9dae ... PASS
[2296] 2026-04-04T09:46:59-07:00 seed=0x0d1b68e9 ... PASS
[2297] 2026-04-04T09:47:21-07:00 seed=0x68ced2dd ... PASS
[2298] 2026-04-04T09:47:42-07:00 seed=0x71ee75aa ... PASS
[2299] 2026-04-04T09:48:03-07:00 seed=0x73bfaea5 ... PASS
[2300] 2026-04-04T09:48:26-07:00 seed=0x18f8173e ... PASS
[2301] 2026-04-04T09:48:47-07:00 seed=0x276e5a71 ... PASS
[2302] 2026-04-04T09:49:08-07:00 seed=0x8ba2a287 ... PASS
[2303] 2026-04-04T09:49:30-07:00 seed=0x966d3c0e ... PASS
[2304] 2026-04-04T09:49:50-07:00 seed=0x3cd9786b ... PASS
[2305] 2026-04-04T09:50:11-07:00 seed=0xe759f0a2 ... PASS
[2306] 2026-04-04T09:50:32-07:00 seed=0x75461302 ... PASS
[2307] 2026-04-04T09:50:53-07:00 seed=0x1a4a705a ... PASS
[2308] 2026-04-04T09:51:13-07:00 seed=0x4de14a0c ... PASS
[2309] 2026-04-04T09:51:34-07:00 seed=0x3f0a8f9d ... PASS
[2310] 2026-04-04T09:51:55-07:00 seed=0x6e58cc2a ... PASS
[2311] 2026-04-04T09:52:16-07:00 seed=0x49ace4f8 ... PASS
[2312] 2026-04-04T09:52:37-07:00 seed=0x93627e94 ... PASS
[2313] 2026-04-04T09:52:58-07:00 seed=0x47ef877f ... PASS
[2314] 2026-04-04T09:53:20-07:00 seed=0xd0ecdde0 ... PASS
[81] 2026-04-04T09:53:27-07:00 seed=0xa1739efe ... PASS
[2315] 2026-04-04T09:53:45-07:00 seed=0x9c85ca0a ... PASS
[2316] 2026-04-04T09:54:06-07:00 seed=0x4248e843 ... PASS
[2317] 2026-04-04T09:54:28-07:00 seed=0x790a2b0d ... PASS
[2318] 2026-04-04T09:54:48-07:00 seed=0xa3c64d2d ... PASS
[2319] 2026-04-04T09:55:10-07:00 seed=0xb7cb9616 ... PASS
[2320] 2026-04-04T09:55:31-07:00 seed=0x804d5f6b ... PASS
[2321] 2026-04-04T09:55:51-07:00 seed=0x714f1641 ... PASS
[2322] 2026-04-04T09:56:13-07:00 seed=0x7655cfb5 ... PASS
[2323] 2026-04-04T09:56:34-07:00 seed=0x88d1b0e1 ... PASS
[2324] 2026-04-04T09:56:55-07:00 seed=0x2614e7a5 ... PASS
[82] 2026-04-04T09:57:09-07:00 seed=0xa066998d ... PASS
[2325] 2026-04-04T09:57:16-07:00 seed=0x4108887f ... PASS
[2326] 2026-04-04T09:57:36-07:00 seed=0x82dcb64c ... PASS
[2327] 2026-04-04T09:57:58-07:00 seed=0xe863458a ... PASS
[2328] 2026-04-04T09:58:18-07:00 seed=0x5cff6bf6 ... PASS
[2329] 2026-04-04T09:58:37-07:00 seed=0x61bdbb94 ... PASS
[2330] 2026-04-04T09:58:57-07:00 seed=0xb7e282f8 ... PASS
[2331] 2026-04-04T09:59:18-07:00 seed=0x6fc81f07 ... PASS
[2332] 2026-04-04T09:59:38-07:00 seed=0x30ddc64a ... PASS
[2333] 2026-04-04T09:59:58-07:00 seed=0x62dce079 ... PASS
[2334] 2026-04-04T10:00:18-07:00 seed=0x056736b7 ... PASS
[2335] 2026-04-04T10:00:39-07:00 seed=0x8fdca4b2 ... PASS
[2336] 2026-04-04T10:00:59-07:00 seed=0x51100dcf ... PASS
[2337] 2026-04-04T10:01:18-07:00 seed=0x1bfff631 ... PASS
[2338] 2026-04-04T10:01:38-07:00 seed=0xbbf31daf ... PASS
[2339] 2026-04-04T10:01:58-07:00 seed=0xfd2de10b ... PASS
[2340] 2026-04-04T10:02:18-07:00 seed=0x2ee1d677 ... PASS
[2341] 2026-04-04T10:02:38-07:00 seed=0x6b61f841 ... PASS
[2342] 2026-04-04T10:02:57-07:00 seed=0x1b94a076 ... PASS
[2343] 2026-04-04T10:03:19-07:00 seed=0x62fdfd03 ... PASS
[2344] 2026-04-04T10:03:39-07:00 seed=0x904d636c ... PASS
[2345] 2026-04-04T10:04:00-07:00 seed=0x75a53d92 ... PASS
[83] 2026-04-04T10:04:17-07:00 seed=0x2ea7f746 ... PASS
[2346] 2026-04-04T10:04:20-07:00 seed=0x85f32b5e ... PASS
[2347] 2026-04-04T10:04:43-07:00 seed=0x964eb1b3 ... PASS
[2348] 2026-04-04T10:05:03-07:00 seed=0x6b4d494e ... PASS
[2349] 2026-04-04T10:05:24-07:00 seed=0xced52183 ... PASS
[2350] 2026-04-04T10:05:44-07:00 seed=0x6fce373a ... PASS
[2351] 2026-04-04T10:06:06-07:00 seed=0xbf9b6dca ... PASS
[2352] 2026-04-04T10:06:26-07:00 seed=0x1b6660d0 ... PASS
[2353] 2026-04-04T10:06:46-07:00 seed=0x77568e58 ... PASS
[2354] 2026-04-04T10:07:07-07:00 seed=0xcac974ae ... PASS
[2355] 2026-04-04T10:07:29-07:00 seed=0xc7ff4c74 ... PASS
[2356] 2026-04-04T10:07:50-07:00 seed=0x0b69055e ... PASS
[2357] 2026-04-04T10:08:10-07:00 seed=0x827c4775 ... PASS
[2358] 2026-04-04T10:08:30-07:00 seed=0x72781358 ... PASS
[2359] 2026-04-04T10:08:51-07:00 seed=0xbd6b2399 ... PASS
[2360] 2026-04-04T10:09:13-07:00 seed=0xa4c19737 ... PASS
[2361] 2026-04-04T10:09:34-07:00 seed=0x5a5d2ac3 ... PASS
[2362] 2026-04-04T10:09:54-07:00 seed=0x711d76e4 ... PASS
[2363] 2026-04-04T10:10:17-07:00 seed=0xf62ae0fe ... PASS
[2364] 2026-04-04T10:10:36-07:00 seed=0x76d2ea77 ... PASS
[2365] 2026-04-04T10:10:56-07:00 seed=0xa802cade ... PASS
[2366] 2026-04-04T10:11:15-07:00 seed=0x40c4aede ... PASS
[2367] 2026-04-04T10:11:36-07:00 seed=0x771f1430 ... PASS
[2368] 2026-04-04T10:11:55-07:00 seed=0xd4b0706e ... PASS
[2369] 2026-04-04T10:12:18-07:00 seed=0x66caf7e4 ... PASS
[84] 2026-04-04T10:12:34-07:00 seed=0x797453eb ... PASS
[2370] 2026-04-04T10:12:42-07:00 seed=0xa0d7b215 ... PASS
[2371] 2026-04-04T10:13:02-07:00 seed=0xd15bffc5 ... PASS
[2372] 2026-04-04T10:13:22-07:00 seed=0xfc37e349 ... PASS
[2373] 2026-04-04T10:13:43-07:00 seed=0x0716138b ... PASS
[2374] 2026-04-04T10:14:03-07:00 seed=0x588286e8 ... PASS
[2375] 2026-04-04T10:14:23-07:00 seed=0xb55c5081 ... PASS
[2376] 2026-04-04T10:14:43-07:00 seed=0xcd50b0ca ... PASS
[2377] 2026-04-04T10:15:02-07:00 seed=0x89a6dbab ... PASS
[2378] 2026-04-04T10:15:22-07:00 seed=0x31b938bd ... PASS
[2379] 2026-04-04T10:15:42-07:00 seed=0x93568c6c ... PASS
[2380] 2026-04-04T10:16:01-07:00 seed=0x6364af06 ... PASS
[2381] 2026-04-04T10:16:20-07:00 seed=0x5a50ae42 ... PASS
[2382] 2026-04-04T10:16:39-07:00 seed=0xef9cd47e ... PASS
[2383] 2026-04-04T10:16:59-07:00 seed=0x59fb5d03 ... PASS
[2384] 2026-04-04T10:17:18-07:00 seed=0xdaecd6d2 ... PASS
[2385] 2026-04-04T10:17:38-07:00 seed=0x8dc1c643 ... PASS
[2386] 2026-04-04T10:17:57-07:00 seed=0x32d62f19 ... PASS
[2387] 2026-04-04T10:18:18-07:00 seed=0x83732b6d ... PASS
[2388] 2026-04-04T10:18:37-07:00 seed=0x81d798e6 ... PASS
[2389] 2026-04-04T10:18:57-07:00 seed=0xc8595cec ... PASS
[2390] 2026-04-04T10:19:18-07:00 seed=0x220b3de0 ... PASS
[2391] 2026-04-04T10:19:38-07:00 seed=0x71767c80 ... PASS
[2392] 2026-04-04T10:19:57-07:00 seed=0xee8fe062 ... PASS
[2393] 2026-04-04T10:20:16-07:00 seed=0x87f2ba62 ... PASS
[2394] 2026-04-04T10:20:35-07:00 seed=0xe3f526f5 ... PASS
[2395] 2026-04-04T10:20:56-07:00 seed=0xce63efcd ... PASS
[2396] 2026-04-04T10:21:15-07:00 seed=0x4d9b2b71 ... PASS
[2397] 2026-04-04T10:21:35-07:00 seed=0x1cf78aff ... PASS
[2398] 2026-04-04T10:21:56-07:00 seed=0x8c338000 ... PASS
[2399] 2026-04-04T10:22:17-07:00 seed=0xd334387f ... PASS
[2400] 2026-04-04T10:22:36-07:00 seed=0x6f95b6de ... PASS
[2401] 2026-04-04T10:22:56-07:00 seed=0xf3b86afb ... PASS
[85] 2026-04-04T10:22:59-07:00 seed=0xfde436ed ... PASS
[2402] 2026-04-04T10:23:17-07:00 seed=0x8d3e3ce1 ... PASS
[2403] 2026-04-04T10:23:38-07:00 seed=0xa946403f ... PASS
[2404] 2026-04-04T10:23:58-07:00 seed=0x00c889e0 ... PASS
[2405] 2026-04-04T10:24:20-07:00 seed=0xbeab4d21 ... PASS
[2406] 2026-04-04T10:24:41-07:00 seed=0x8ce6922a ... PASS
[2407] 2026-04-04T10:25:21-07:00 seed=0x755244b6 ... PASS
[2408] 2026-04-04T10:26:01-07:00 seed=0xae55282d ... PASS
[2409] 2026-04-04T10:26:26-07:00 seed=0x782f0d84 ... PASS
[2410] 2026-04-04T10:26:47-07:00 seed=0x92f600ea ... PASS
[2411] 2026-04-04T10:27:07-07:00 seed=0x82a8752d ... PASS
[2412] 2026-04-04T10:27:27-07:00 seed=0x7de28a7e ... PASS
[2413] 2026-04-04T10:27:48-07:00 seed=0x6e71de81 ... PASS
[2414] 2026-04-04T10:28:10-07:00 seed=0xcaf06cdb ... PASS
[2415] 2026-04-04T10:28:54-07:00 seed=0xc77d51fc ... PASS
[2416] 2026-04-04T10:29:19-07:00 seed=0xae6bb832 ... PASS
[2417] 2026-04-04T10:29:41-07:00 seed=0x099e7897 ... PASS
[2418] 2026-04-04T10:30:01-07:00 seed=0xa9886558 ... PASS
[2419] 2026-04-04T10:30:23-07:00 seed=0xec54a7f0 ... PASS
[2420] 2026-04-04T10:30:44-07:00 seed=0x73b3f622 ... PASS
[2421] 2026-04-04T10:31:05-07:00 seed=0xa1bab5a4 ... PASS
[2422] 2026-04-04T10:31:26-07:00 seed=0x9033f00b ... PASS
[2423] 2026-04-04T10:31:46-07:00 seed=0x6016b599 ... PASS
[2424] 2026-04-04T10:32:07-07:00 seed=0xbeb0df89 ... PASS
[2425] 2026-04-04T10:32:28-07:00 seed=0xf02d6f17 ... PASS
[2426] 2026-04-04T10:32:48-07:00 seed=0xef273b44 ... PASS
[2427] 2026-04-04T10:33:08-07:00 seed=0x35943d1c ... PASS
[2428] 2026-04-04T10:33:30-07:00 seed=0xf62372bb ... PASS
[2429] 2026-04-04T10:33:51-07:00 seed=0x61adeb24 ... PASS
[2430] 2026-04-04T10:34:11-07:00 seed=0xb0c001ae ... PASS
[2431] 2026-04-04T10:34:32-07:00 seed=0x1b1ecebe ... PASS
[2432] 2026-04-04T10:34:53-07:00 seed=0xecbd4693 ... PASS
[2433] 2026-04-04T10:35:12-07:00 seed=0x422a0a6a ... PASS
[2434] 2026-04-04T10:35:32-07:00 seed=0xfc9d2a77 ... PASS
[2435] 2026-04-04T10:35:52-07:00 seed=0x3da89509 ... PASS
[2436] 2026-04-04T10:36:12-07:00 seed=0x60313841 ... PASS
[2437] 2026-04-04T10:36:32-07:00 seed=0x44f36787 ... PASS
[2438] 2026-04-04T10:36:52-07:00 seed=0x478113b0 ... PASS
[2439] 2026-04-04T10:37:13-07:00 seed=0x36e9d254 ... PASS
[2440] 2026-04-04T10:37:33-07:00 seed=0xbe18ae64 ... PASS
[2441] 2026-04-04T10:37:55-07:00 seed=0x542f439f ... PASS
[2442] 2026-04-04T10:38:15-07:00 seed=0xb1de3a8b ... PASS
[2443] 2026-04-04T10:38:34-07:00 seed=0x6da9f210 ... PASS
[2444] 2026-04-04T10:38:54-07:00 seed=0xe6a06887 ... PASS
[2445] 2026-04-04T10:39:15-07:00 seed=0x293266a2 ... PASS
[2446] 2026-04-04T10:39:35-07:00 seed=0xa30f5c93 ... PASS
[2447] 2026-04-04T10:39:55-07:00 seed=0x72996856 ... PASS
[86] 2026-04-04T10:39:57-07:00 seed=0x463a981d ... PASS
[2448] 2026-04-04T10:40:15-07:00 seed=0x75b51745 ... PASS
[2449] 2026-04-04T10:40:36-07:00 seed=0x495d0801 ... PASS
[2450] 2026-04-04T10:40:56-07:00 seed=0x47152cde ... PASS
[2451] 2026-04-04T10:41:18-07:00 seed=0x72687533 ... PASS
[2452] 2026-04-04T10:41:38-07:00 seed=0x859735cd ... PASS
[2453] 2026-04-04T10:42:00-07:00 seed=0x4757fa42 ... PASS
[2454] 2026-04-04T10:42:21-07:00 seed=0x617f20ac ... PASS
[2455] 2026-04-04T10:42:41-07:00 seed=0xb9a59f1f ... PASS
[87] 2026-04-04T10:42:57-07:00 seed=0x13e862fa ... PASS
[2456] 2026-04-04T10:43:03-07:00 seed=0x84830ee3 ... PASS
[2457] 2026-04-04T10:43:25-07:00 seed=0x86ad87aa ... PASS
[2458] 2026-04-04T10:43:46-07:00 seed=0x6be36cc2 ... PASS
[2459] 2026-04-04T10:44:06-07:00 seed=0xc7c10f3b ... PASS
[2460] 2026-04-04T10:44:28-07:00 seed=0xa4a24d59 ... PASS
[2461] 2026-04-04T10:44:49-07:00 seed=0xf7819004 ... PASS
[2462] 2026-04-04T10:45:10-07:00 seed=0x94f19b9c ... PASS
[2463] 2026-04-04T10:45:31-07:00 seed=0x7186b2c4 ... PASS
[2464] 2026-04-04T10:45:52-07:00 seed=0x61bd0639 ... PASS
[2465] 2026-04-04T10:46:12-07:00 seed=0xb4e50231 ... PASS
[2466] 2026-04-04T10:46:32-07:00 seed=0xc4832854 ... PASS
[2467] 2026-04-04T10:46:52-07:00 seed=0x6967049e ... PASS
[2468] 2026-04-04T10:47:11-07:00 seed=0xa4092afc ... PASS
[2469] 2026-04-04T10:47:31-07:00 seed=0xff00dee1 ... PASS
[2470] 2026-04-04T10:47:50-07:00 seed=0xc62e566c ... PASS
[2471] 2026-04-04T10:48:10-07:00 seed=0x559d7c2f ... PASS
[2472] 2026-04-04T10:48:30-07:00 seed=0x714a1bd3 ... PASS
[2473] 2026-04-04T10:48:50-07:00 seed=0xfd79072f ... PASS
[2474] 2026-04-04T10:49:09-07:00 seed=0xf461978a ... PASS
[2475] 2026-04-04T10:49:29-07:00 seed=0x6c0a4897 ... PASS
[2476] 2026-04-04T10:49:48-07:00 seed=0x2894c440 ... PASS
[2477] 2026-04-04T10:50:09-07:00 seed=0xf52af9d1 ... PASS
[2478] 2026-04-04T10:50:28-07:00 seed=0x06336303 ... PASS
[2479] 2026-04-04T10:50:47-07:00 seed=0xf18a0277 ... PASS
[2480] 2026-04-04T10:51:07-07:00 seed=0x16e98a2b ... PASS
[2481] 2026-04-04T10:51:28-07:00 seed=0xe031a54b ... PASS
[2482] 2026-04-04T10:51:47-07:00 seed=0x58734fba ... PASS
[88] 2026-04-04T10:52:06-07:00 seed=0xfb38757b ... PASS
[2483] 2026-04-04T10:52:06-07:00 seed=0xb0435876 ... PASS
[2484] 2026-04-04T10:52:27-07:00 seed=0xe5c73af1 ... PASS
[2485] 2026-04-04T10:52:47-07:00 seed=0xaebd34ed ... PASS
[2486] 2026-04-04T10:53:06-07:00 seed=0xab45b0f6 ... PASS
[2487] 2026-04-04T10:53:25-07:00 seed=0x264282f5 ... PASS
[2488] 2026-04-04T10:53:46-07:00 seed=0x67e1a930 ... PASS
[2489] 2026-04-04T10:54:06-07:00 seed=0x562a7022 ... PASS
[2490] 2026-04-04T10:54:25-07:00 seed=0x54752dba ... PASS
[2491] 2026-04-04T10:54:44-07:00 seed=0xb07e01d9 ... PASS
[2492] 2026-04-04T10:55:04-07:00 seed=0x91158f53 ... PASS
[2493] 2026-04-04T10:55:24-07:00 seed=0x11686057 ... PASS
[2494] 2026-04-04T10:55:43-07:00 seed=0xc9a9de0c ... PASS
[2495] 2026-04-04T10:56:03-07:00 seed=0x10c853db ... PASS
[2496] 2026-04-04T10:56:24-07:00 seed=0x1b710771 ... PASS
[2497] 2026-04-04T10:56:43-07:00 seed=0x6e2491c4 ... PASS
[2498] 2026-04-04T10:57:03-07:00 seed=0x92ce9a7c ... PASS
[2499] 2026-04-04T10:57:22-07:00 seed=0xd7371421 ... PASS
[2500] 2026-04-04T10:57:42-07:00 seed=0xff690158 ... PASS
[2501] 2026-04-04T10:58:03-07:00 seed=0x1a12de1c ... PASS
[2502] 2026-04-04T10:58:23-07:00 seed=0xb16304d0 ... PASS
[2503] 2026-04-04T10:58:42-07:00 seed=0x9d345a43 ... PASS
[89] 2026-04-04T10:58:50-07:00 seed=0x024a59fe ... PASS
[2504] 2026-04-04T10:59:03-07:00 seed=0x008df0f1 ... PASS
[2505] 2026-04-04T10:59:24-07:00 seed=0x3e9d13dc ... PASS
[2506] 2026-04-04T10:59:43-07:00 seed=0x6f6b5a78 ... PASS
[2507] 2026-04-04T11:00:02-07:00 seed=0x06d36f16 ... PASS
[2508] 2026-04-04T11:00:23-07:00 seed=0x1579870d ... PASS
[2509] 2026-04-04T11:00:43-07:00 seed=0x12a82c79 ... PASS
[2510] 2026-04-04T11:01:03-07:00 seed=0xd26ad1c6 ... PASS
[2511] 2026-04-04T11:01:22-07:00 seed=0x1f27418c ... PASS
[2512] 2026-04-04T11:01:42-07:00 seed=0xebdd1c72 ... PASS
[2513] 2026-04-04T11:02:02-07:00 seed=0x53021c88 ... PASS
[2514] 2026-04-04T11:02:22-07:00 seed=0x3c77b32c ... PASS
[2515] 2026-04-04T11:02:42-07:00 seed=0x92f35604 ... PASS
[2516] 2026-04-04T11:03:03-07:00 seed=0xcc0b2270 ... PASS
[2517] 2026-04-04T11:03:24-07:00 seed=0xb7bc3fb8 ... PASS
[2518] 2026-04-04T11:03:45-07:00 seed=0x7125b419 ... PASS
[2519] 2026-04-04T11:04:05-07:00 seed=0x3dbc240e ... PASS
[90] 2026-04-04T11:04:12-07:00 seed=0x85f0456b ... PASS
[2520] 2026-04-04T11:04:26-07:00 seed=0xaeeb3efa ... PASS
[2521] 2026-04-04T11:04:47-07:00 seed=0x606f8850 ... PASS
[2522] 2026-04-04T11:05:10-07:00 seed=0x3e1bfc10 ... PASS
[2523] 2026-04-04T11:05:30-07:00 seed=0x4c52cb7e ... PASS
[2524] 2026-04-04T11:05:51-07:00 seed=0x311498aa ... PASS
[2525] 2026-04-04T11:06:14-07:00 seed=0x790bbd99 ... PASS
[2526] 2026-04-04T11:06:34-07:00 seed=0xf9460f9a ... PASS
[2527] 2026-04-04T11:06:55-07:00 seed=0xa2d59029 ... PASS
[2528] 2026-04-04T11:07:17-07:00 seed=0xecb586ff ... PASS
[2529] 2026-04-04T11:07:39-07:00 seed=0xf0bb976d ... PASS
[2530] 2026-04-04T11:08:04-07:00 seed=0x4ba10cff ... PASS
[2531] 2026-04-04T11:08:31-07:00 seed=0x4d9b3c99 ... PASS
[2532] 2026-04-04T11:08:55-07:00 seed=0x552f12e6 ... PASS
[2533] 2026-04-04T11:09:17-07:00 seed=0x723d8c8f ... PASS
[2534] 2026-04-04T11:09:40-07:00 seed=0x0695a25f ... PASS
[91] 2026-04-04T11:09:49-07:00 seed=0x7eae8643 ... PASS
[2535] 2026-04-04T11:10:04-07:00 seed=0x9dbb05da ... PASS
[2536] 2026-04-04T11:10:29-07:00 seed=0xb414df14 ... PASS
[2537] 2026-04-04T11:10:55-07:00 seed=0x4783b89a ... PASS
[2538] 2026-04-04T11:11:18-07:00 seed=0xe9f1f85e ... PASS
[2539] 2026-04-04T11:11:42-07:00 seed=0x3556bfdf ... PASS
[2540] 2026-04-04T11:12:03-07:00 seed=0xbfc7e344 ... PASS
[2541] 2026-04-04T11:12:28-07:00 seed=0x53cb6b92 ... PASS
[2542] 2026-04-04T11:12:51-07:00 seed=0x75459511 ... PASS
[2543] 2026-04-04T11:13:14-07:00 seed=0x982c01d4 ... PASS
[2544] 2026-04-04T11:13:37-07:00 seed=0x9e7865e0 ... PASS
[2545] 2026-04-04T11:13:58-07:00 seed=0x976169de ... PASS
[2546] 2026-04-04T11:14:25-07:00 seed=0x6836296f ... PASS
[2547] 2026-04-04T11:14:52-07:00 seed=0x610b1dd8 ... PASS
[2548] 2026-04-04T11:15:20-07:00 seed=0xd491066b ... PASS
[92] 2026-04-04T11:15:32-07:00 seed=0x8c090920 ... PASS
[2549] 2026-04-04T11:15:49-07:00 seed=0xc6c7dcd6 ... PASS
[2550] 2026-04-04T11:16:13-07:00 seed=0x36ebd09f ... PASS
[2551] 2026-04-04T11:16:43-07:00 seed=0x782dc5d6 ... PASS
[2552] 2026-04-04T11:17:13-07:00 seed=0xb8113db8 ... PASS
[2553] 2026-04-04T11:17:42-07:00 seed=0xecdbb89c ... PASS
[2554] 2026-04-04T11:18:09-07:00 seed=0x1f913491 ... PASS
[2555] 2026-04-04T11:18:37-07:00 seed=0x9f0a6454 ... PASS
[2556] 2026-04-04T11:19:02-07:00 seed=0xff06da36 ... PASS
[2557] 2026-04-04T11:19:23-07:00 seed=0xb62f0501 ... PASS
[2558] 2026-04-04T11:19:44-07:00 seed=0xdcea43d7 ... PASS
[2559] 2026-04-04T11:20:05-07:00 seed=0x20ef36a0 ... PASS
[2560] 2026-04-04T11:20:31-07:00 seed=0x8b1f1469 ... PASS
[2561] 2026-04-04T11:20:57-07:00 seed=0xa85d7123 ... PASS
[2562] 2026-04-04T11:21:22-07:00 seed=0xb4c76f0b ... PASS
[2563] 2026-04-04T11:21:49-07:00 seed=0x3d6f1966 ... PASS
[93] 2026-04-04T11:21:53-07:00 seed=0x1b0d115a ... PASS
[2564] 2026-04-04T11:22:12-07:00 seed=0x72bae92d ... PASS
[2565] 2026-04-04T11:22:37-07:00 seed=0x19c55afe ... PASS
[2566] 2026-04-04T11:23:03-07:00 seed=0x75f35245 ... PASS
[2567] 2026-04-04T11:23:25-07:00 seed=0x3197f88a ... PASS
[2568] 2026-04-04T11:23:48-07:00 seed=0x119f160d ... PASS
[2569] 2026-04-04T11:24:09-07:00 seed=0x0ed9e7a3 ... PASS
[2570] 2026-04-04T11:24:34-07:00 seed=0xcb0ea78a ... PASS
[2571] 2026-04-04T11:24:57-07:00 seed=0x386120d0 ... PASS
[2572] 2026-04-04T11:25:18-07:00 seed=0xee77d036 ... PASS
[2573] 2026-04-04T11:25:38-07:00 seed=0xca34ee3d ... PASS
[2574] 2026-04-04T11:26:01-07:00 seed=0x81f94c47 ... PASS
[2575] 2026-04-04T11:26:21-07:00 seed=0xb0d77602 ... PASS
[2576] 2026-04-04T11:26:42-07:00 seed=0x371a69e6 ... PASS
[2577] 2026-04-04T11:27:05-07:00 seed=0xb73b7c7a ... PASS
[2578] 2026-04-04T11:27:33-07:00 seed=0xf123a81a ... PASS
[2579] 2026-04-04T11:28:00-07:00 seed=0xa67e341e ... PASS
[2580] 2026-04-04T11:28:29-07:00 seed=0xd0dd7220 ... PASS
[2581] 2026-04-04T11:28:55-07:00 seed=0x0b73620c ... PASS
[2582] 2026-04-04T11:29:18-07:00 seed=0x8637e41a ... PASS
[2583] 2026-04-04T11:29:41-07:00 seed=0xb2cb2d8d ... PASS
[2584] 2026-04-04T11:30:02-07:00 seed=0x27423954 ... PASS
[2585] 2026-04-04T11:30:23-07:00 seed=0x283a92f2 ... PASS
[2586] 2026-04-04T11:30:45-07:00 seed=0x1ae40758 ... PASS
[2587] 2026-04-04T11:31:10-07:00 seed=0x5d2bad7c ... PASS
[2588] 2026-04-04T11:31:37-07:00 seed=0xe24913a0 ... PASS
[2589] 2026-04-04T11:32:03-07:00 seed=0xb37a2b1c ... PASS
[2590] 2026-04-04T11:32:29-07:00 seed=0xb0d0ade0 ... PASS
[2591] 2026-04-04T11:32:50-07:00 seed=0x05a7d58a ... PASS
[94] 2026-04-04T11:32:59-07:00 seed=0x4df8de2f ... PASS
[2592] 2026-04-04T11:33:13-07:00 seed=0x6017bdcc ... PASS
[2593] 2026-04-04T11:33:37-07:00 seed=0xe5d7891a ... PASS
[2594] 2026-04-04T11:34:00-07:00 seed=0x5096aed8 ... PASS
[2595] 2026-04-04T11:34:20-07:00 seed=0x141a3d1b ... PASS
[2596] 2026-04-04T11:34:41-07:00 seed=0x4ad0c48a ... PASS
[2597] 2026-04-04T11:35:06-07:00 seed=0x445db021 ... PASS
[2598] 2026-04-04T11:35:33-07:00 seed=0xb5d8ea59 ... PASS
[2599] 2026-04-04T11:35:58-07:00 seed=0xa0be4c6b ... PASS
[2600] 2026-04-04T11:36:22-07:00 seed=0x4396520d ... PASS
[2601] 2026-04-04T11:36:46-07:00 seed=0x1f5e9447 ... PASS
[2602] 2026-04-04T11:37:07-07:00 seed=0xa222ca73 ... PASS
[2603] 2026-04-04T11:37:29-07:00 seed=0x52ad5256 ... PASS
[2604] 2026-04-04T11:37:56-07:00 seed=0x17fcceb8 ... PASS
[2605] 2026-04-04T11:38:19-07:00 seed=0xaf28f38a ... PASS
[2606] 2026-04-04T11:38:46-07:00 seed=0xe17bea6b ... PASS
[2607] 2026-04-04T11:39:11-07:00 seed=0x15103641 ... PASS
[2608] 2026-04-04T11:39:36-07:00 seed=0xa65d32b3 ... PASS
[2609] 2026-04-04T11:40:05-07:00 seed=0xe1cab4ac ... PASS
[2610] 2026-04-04T11:40:26-07:00 seed=0xcc91a2eb ... PASS
[2611] 2026-04-04T11:40:47-07:00 seed=0x4e59b046 ... PASS
[2612] 2026-04-04T11:41:09-07:00 seed=0x0b9697e8 ... PASS
[95] 2026-04-04T11:41:25-07:00 seed=0x0fabc8bf ... PASS
[2613] 2026-04-04T11:41:30-07:00 seed=0x3d823cb5 ... PASS
[2614] 2026-04-04T11:41:50-07:00 seed=0x4053baa8 ... PASS
[2615] 2026-04-04T11:42:11-07:00 seed=0x19828666 ... PASS
[2616] 2026-04-04T11:42:33-07:00 seed=0x45cf60bb ... PASS
[2617] 2026-04-04T11:42:52-07:00 seed=0xd538b220 ... PASS
[2618] 2026-04-04T11:43:12-07:00 seed=0x3a831ec1 ... PASS
[2619] 2026-04-04T11:43:34-07:00 seed=0x47b40af6 ... PASS
[2620] 2026-04-04T11:43:54-07:00 seed=0x33066f54 ... PASS
[2621] 2026-04-04T11:44:14-07:00 seed=0x6c5fe194 ... PASS
[2622] 2026-04-04T11:44:33-07:00 seed=0xc1dc1816 ... PASS
[2623] 2026-04-04T11:44:54-07:00 seed=0x378802e7 ... PASS
[2624] 2026-04-04T11:45:15-07:00 seed=0x4ca2d784 ... PASS
[2625] 2026-04-04T11:45:34-07:00 seed=0x79ff0777 ... PASS
[2626] 2026-04-04T11:45:54-07:00 seed=0x939060e4 ... PASS
[2627] 2026-04-04T11:46:15-07:00 seed=0xdfa034a1 ... PASS
[96] 2026-04-04T11:46:19-07:00 seed=0x4867b1ff ... PASS
[2628] 2026-04-04T11:46:37-07:00 seed=0xcb2edc40 ... PASS
[2629] 2026-04-04T11:46:56-07:00 seed=0xee4bf6fb ... 
⎯⎯⎯⎯⎯⎯ Failed Suites 1 ⎯⎯⎯⎯⎯⎯⎯

 FAIL  src/battle.mbt.test.ts [ src/battle.mbt.test.ts ]
Error: ENOMEM: not enough memory, open '/workspace/typescript/dnd/node_modules/.pnpm/fast-check@3.23.2/node_modules/fast-check/lib/esm/arbitrary/scheduler.js'
⎯⎯⎯⎯⎯⎯⎯⎯⎯⎯⎯⎯⎯⎯⎯⎯⎯⎯⎯⎯⎯⎯⎯⎯[1/1]⎯

FAIL (trace ?, step ?, action ?)
[2630] 2026-04-04T11:47:16-07:00 seed=0x7f817cf5 ... PASS
[2631] 2026-04-04T11:47:35-07:00 seed=0x694a983b ... PASS
[97] 2026-04-04T11:47:54-07:00 seed=0x28387372 ... PASS
[2632] 2026-04-04T11:47:56-07:00 seed=0xe1333aa5 ... PASS
[2633] 2026-04-04T11:48:16-07:00 seed=0xeb9fd794 ... PASS
[2634] 2026-04-04T11:48:37-07:00 seed=0xb68ba1e1 ... PASS
[2635] 2026-04-04T11:48:58-07:00 seed=0xbe078057 ... PASS
[2636] 2026-04-04T11:49:19-07:00 seed=0x99b37a72 ... PASS
[2637] 2026-04-04T11:49:39-07:00 seed=0xba57e880 ... PASS
[2638] 2026-04-04T11:49:59-07:00 seed=0x6f5d7231 ... PASS
[2639] 2026-04-04T11:50:20-07:00 seed=0x091d2833 ... PASS
[2640] 2026-04-04T11:50:42-07:00 seed=0xc6dea5d1 ... PASS
[2641] 2026-04-04T11:51:03-07:00 seed=0x96019698 ... PASS
[2642] 2026-04-04T11:51:23-07:00 seed=0x5c89adee ... PASS
[2643] 2026-04-04T11:51:43-07:00 seed=0x8bd22a83 ... PASS
[2644] 2026-04-04T11:52:05-07:00 seed=0xc6cad994 ... PASS
[2645] 2026-04-04T11:52:25-07:00 seed=0xa122e08d ... PASS
[2646] 2026-04-04T11:52:46-07:00 seed=0xee8deaf2 ... PASS
[2647] 2026-04-04T11:53:06-07:00 seed=0x4441f309 ... PASS
[2648] 2026-04-04T11:53:27-07:00 seed=0x1d3dc10a ... PASS
[2649] 2026-04-04T11:53:50-07:00 seed=0x589a20d3 ... PASS
[2650] 2026-04-04T11:54:11-07:00 seed=0xccd0e9bb ... PASS
[2651] 2026-04-04T11:54:37-07:00 seed=0x95fd1f57 ... PASS
[2652] 2026-04-04T11:55:04-07:00 seed=0xb408b220 ... PASS
[2653] 2026-04-04T11:55:27-07:00 seed=0xac363732 ... PASS
[2654] 2026-04-04T11:55:50-07:00 seed=0x6271a133 ... PASS
[98] 2026-04-04T11:56:03-07:00 seed=0x101c2159 ... PASS
[2655] 2026-04-04T11:56:11-07:00 seed=0x3210d54f ... PASS
[2656] 2026-04-04T11:56:32-07:00 seed=0x496a248e ... PASS
[2657] 2026-04-04T11:56:55-07:00 seed=0x0e6b29f0 ... PASS
[2658] 2026-04-04T11:57:17-07:00 seed=0x633c6b23 ... PASS
[2659] 2026-04-04T11:57:40-07:00 seed=0xf132e546 ... PASS
[2660] 2026-04-04T11:58:01-07:00 seed=0x6cee8d2d ... PASS
[2661] 2026-04-04T11:58:22-07:00 seed=0x7cafe012 ... PASS
[2662] 2026-04-04T11:58:44-07:00 seed=0x53bc4877 ... PASS
[2663] 2026-04-04T11:59:03-07:00 seed=0x548b5da2 ... PASS
[2664] 2026-04-04T11:59:28-07:00 seed=0x61d3a050 ... PASS
[2665] 2026-04-04T11:59:53-07:00 seed=0x7727ab49 ... PASS
[2666] 2026-04-04T12:00:16-07:00 seed=0x68a367f2 ... PASS
[2667] 2026-04-04T12:00:43-07:00 seed=0x4da4851b ... PASS
[2668] 2026-04-04T12:01:09-07:00 seed=0x1c96c2af ... PASS
[2669] 2026-04-04T12:01:28-07:00 seed=0x7d9cfa81 ... PASS
[2670] 2026-04-04T12:01:48-07:00 seed=0x51b2bf29 ... PASS
[2671] 2026-04-04T12:02:07-07:00 seed=0x49f7d093 ... PASS
[2672] 2026-04-04T12:02:28-07:00 seed=0xec6b756f ... PASS
[2673] 2026-04-04T12:02:49-07:00 seed=0xf664965c ... PASS
[2674] 2026-04-04T12:03:08-07:00 seed=0xa225dbe5 ... PASS
[2675] 2026-04-04T12:03:28-07:00 seed=0xc41211a8 ... PASS
[2676] 2026-04-04T12:03:48-07:00 seed=0x4e325d65 ... PASS
[2677] 2026-04-04T12:04:08-07:00 seed=0xd591a5e4 ... PASS
[2678] 2026-04-04T12:04:27-07:00 seed=0x163c4e4c ... PASS
[2679] 2026-04-04T12:04:47-07:00 seed=0xa4845df6 ... PASS
[2680] 2026-04-04T12:05:07-07:00 seed=0xfe52a31d ... PASS
[2681] 2026-04-04T12:05:26-07:00 seed=0x2f708851 ... PASS
[2682] 2026-04-04T12:05:45-07:00 seed=0xad31fa19 ... PASS
[2683] 2026-04-04T12:06:04-07:00 seed=0x3c774bec ... PASS
[2684] 2026-04-04T12:06:25-07:00 seed=0x9faa2c93 ... PASS
[2685] 2026-04-04T12:06:43-07:00 seed=0xaaf5c213 ... PASS
[2686] 2026-04-04T12:07:03-07:00 seed=0x07b99f0f ... PASS
[2687] 2026-04-04T12:07:25-07:00 seed=0x6bbb85b0 ... PASS
[2688] 2026-04-04T12:07:46-07:00 seed=0xe370f968 ... PASS
[2689] 2026-04-04T12:08:08-07:00 seed=0x0cdc6936 ... PASS
[2690] 2026-04-04T12:08:30-07:00 seed=0x91b477a2 ... PASS
[2691] 2026-04-04T12:08:51-07:00 seed=0x15983908 ... PASS
[2692] 2026-04-04T12:09:10-07:00 seed=0x99a7e005 ... PASS
[2693] 2026-04-04T12:09:28-07:00 seed=0x1644e48f ... PASS
[2694] 2026-04-04T12:09:48-07:00 seed=0xf322ff1f ... PASS
[2695] 2026-04-04T12:10:07-07:00 seed=0x9dc77bce ... PASS
[2696] 2026-04-04T12:10:30-07:00 seed=0xe3fe0bb6 ... PASS
[2697] 2026-04-04T12:10:51-07:00 seed=0x5c2c2e06 ... PASS
[99] 2026-04-04T12:11:11-07:00 seed=0x16c67291 ... PASS
[2698] 2026-04-04T12:11:13-07:00 seed=0x31fc9eaa ... PASS
[2699] 2026-04-04T12:11:33-07:00 seed=0x44b302c6 ... PASS
[2700] 2026-04-04T12:11:51-07:00 seed=0x88664b53 ... PASS
[2701] 2026-04-04T12:12:20-07:00 seed=0x2733c4f0 ... PASS
[2702] 2026-04-04T12:12:45-07:00 seed=0xe6480858 ... PASS
[2703] 2026-04-04T12:13:03-07:00 seed=0x21e19cf3 ... PASS
[2704] 2026-04-04T12:13:22-07:00 seed=0x40072184 ... PASS
[2705] 2026-04-04T12:13:41-07:00 seed=0xb38c1159 ... PASS
[2706] 2026-04-04T12:13:59-07:00 seed=0xd9c355ed ... PASS
[2707] 2026-04-04T12:14:18-07:00 seed=0x65ff69fb ... PASS
[2708] 2026-04-04T12:14:38-07:00 seed=0xc1c3f5be ... PASS
[2709] 2026-04-04T12:14:56-07:00 seed=0x44221b05 ... PASS
[2710] 2026-04-04T12:15:15-07:00 seed=0x5082192b ... PASS
[2711] 2026-04-04T12:15:34-07:00 seed=0xdb965b39 ... PASS
[2712] 2026-04-04T12:15:52-07:00 seed=0xa519e04a ... PASS
[2713] 2026-04-04T12:16:11-07:00 seed=0x44834b73 ... PASS
[2714] 2026-04-04T12:16:30-07:00 seed=0x3659e31c ... PASS
[2715] 2026-04-04T12:16:49-07:00 seed=0x7697ffbb ... PASS
[2716] 2026-04-04T12:17:08-07:00 seed=0x017fba00 ... PASS
[2717] 2026-04-04T12:17:30-07:00 seed=0xe4565db4 ... PASS
[2718] 2026-04-04T12:17:52-07:00 seed=0xc48454cc ... PASS
[2719] 2026-04-04T12:18:11-07:00 seed=0x4c6a2f2c ... PASS
[2720] 2026-04-04T12:18:30-07:00 seed=0xaffb8bf0 ... PASS
[2721] 2026-04-04T12:18:48-07:00 seed=0x166d6f1b ... PASS
[2722] 2026-04-04T12:19:08-07:00 seed=0xe2d8e2b8 ... PASS
[2723] 2026-04-04T12:19:26-07:00 seed=0x5b949f8c ... PASS
[2724] 2026-04-04T12:19:44-07:00 seed=0xc49d7fa8 ... PASS
[2725] 2026-04-04T12:20:02-07:00 seed=0x5f581879 ... PASS
[2726] 2026-04-04T12:20:22-07:00 seed=0xaff25023 ... PASS
[2727] 2026-04-04T12:20:40-07:00 seed=0x2997edff ... PASS
[2728] 2026-04-04T12:20:58-07:00 seed=0x08fd4750 ... PASS
[2729] 2026-04-04T12:21:16-07:00 seed=0x2cc9f91a ... PASS
[2730] 2026-04-04T12:21:35-07:00 seed=0x9e5c4817 ... PASS
[2731] 2026-04-04T12:21:53-07:00 seed=0xef17030d ... PASS
[2732] 2026-04-04T12:22:11-07:00 seed=0xe1a84554 ... PASS
[2733] 2026-04-04T12:22:29-07:00 seed=0x95f9036f ... PASS
[2734] 2026-04-04T12:22:49-07:00 seed=0x2851b8d4 ... PASS
[2735] 2026-04-04T12:23:08-07:00 seed=0xac2bc5cf ... PASS
[2736] 2026-04-04T12:23:27-07:00 seed=0x6564d89b ... PASS
[2737] 2026-04-04T12:23:45-07:00 seed=0x53019b98 ... PASS
[2738] 2026-04-04T12:24:05-07:00 seed=0x3f70ee31 ... PASS
[2739] 2026-04-04T12:24:23-07:00 seed=0xe38a2410 ... PASS
[2740] 2026-04-04T12:24:42-07:00 seed=0xd7b23d4e ... PASS
[2741] 2026-04-04T12:25:01-07:00 seed=0x96b6fd2c ... PASS
[2742] 2026-04-04T12:25:24-07:00 seed=0x9d0af785 ... PASS
[2743] 2026-04-04T12:25:44-07:00 seed=0xffdd8b82 ... PASS
[2744] 2026-04-04T12:26:05-07:00 seed=0xf41c581d ... PASS
[2745] 2026-04-04T12:26:26-07:00 seed=0xa4e5de1c ... PASS
[2746] 2026-04-04T12:26:45-07:00 seed=0x1be5c1ae ... PASS
[2747] 2026-04-04T12:27:04-07:00 seed=0x1cf383b9 ... PASS
[2748] 2026-04-04T12:27:22-07:00 seed=0xb18e3512 ... PASS
[2749] 2026-04-04T12:27:42-07:00 seed=0x3c39d0ee ... PASS
[2750] 2026-04-04T12:28:01-07:00 seed=0x53fc994b ... PASS
[2751] 2026-04-04T12:28:21-07:00 seed=0x51c8e0f9 ... PASS
[2752] 2026-04-04T12:28:40-07:00 seed=0xfa0d153b ... PASS
[2753] 2026-04-04T12:28:59-07:00 seed=0xd5596b6c ... PASS
[2754] 2026-04-04T12:29:17-07:00 seed=0x9c617a12 ... PASS
[2755] 2026-04-04T12:29:35-07:00 seed=0x5954e7bb ... PASS
[2756] 2026-04-04T12:29:53-07:00 seed=0x5206d5ae ... PASS
[2757] 2026-04-04T12:30:13-07:00 seed=0xf6368f97 ... PASS
[2758] 2026-04-04T12:30:31-07:00 seed=0xc098f5c1 ... PASS
[2759] 2026-04-04T12:30:50-07:00 seed=0x837eb0cc ... PASS
[2760] 2026-04-04T12:31:09-07:00 seed=0x5bd41935 ... PASS
[2761] 2026-04-04T12:31:29-07:00 seed=0x17f21d2d ... PASS
[2762] 2026-04-04T12:31:48-07:00 seed=0xaea62234 ... PASS
[2763] 2026-04-04T12:32:06-07:00 seed=0x2980cfd8 ... PASS
[2764] 2026-04-04T12:32:26-07:00 seed=0x3027afd2 ... PASS
[2765] 2026-04-04T12:32:45-07:00 seed=0x8aed2ef2 ... PASS
[2766] 2026-04-04T12:33:05-07:00 seed=0xe645f102 ... PASS
[2767] 2026-04-04T12:33:26-07:00 seed=0x867aae0b ... PASS
[2768] 2026-04-04T12:33:45-07:00 seed=0x43f1e64a ... PASS
[2769] 2026-04-04T12:34:04-07:00 seed=0x651f0ed4 ... PASS
[2770] 2026-04-04T12:34:24-07:00 seed=0x12cfbec6 ... PASS
[2771] 2026-04-04T12:34:44-07:00 seed=0x1689aeee ... PASS
[2772] 2026-04-04T12:35:05-07:00 seed=0xabf29bab ... PASS
[2773] 2026-04-04T12:35:25-07:00 seed=0x25f58b49 ... PASS
[2774] 2026-04-04T12:35:45-07:00 seed=0xb543c5c7 ... PASS
[2775] 2026-04-04T12:36:03-07:00 seed=0x401def8a ... PASS
[2776] 2026-04-04T12:36:21-07:00 seed=0x9db4b259 ... PASS
[2777] 2026-04-04T12:36:39-07:00 seed=0x73dfaf28 ... PASS
[2778] 2026-04-04T12:36:58-07:00 seed=0x42d7444c ... PASS
[2779] 2026-04-04T12:37:17-07:00 seed=0x6a40d5f5 ... PASS
[2780] 2026-04-04T12:37:35-07:00 seed=0x131e74db ... PASS
[2781] 2026-04-04T12:37:53-07:00 seed=0x372a473d ... PASS
[2782] 2026-04-04T12:38:12-07:00 seed=0xf15e8408 ... PASS
[100] 2026-04-04T12:38:24-07:00 seed=0x70fd8caa ... PASS
[2783] 2026-04-04T12:38:31-07:00 seed=0x9647178b ... error: Invariant violated
FAIL (repro: --seed=0x70fd8caa)
[101] 2026-04-04T12:38:35-07:00 seed=0x842dd0cd ... PASS
[2784] 2026-04-04T12:38:51-07:00 seed=0x22f4ea2e ... PASS
[2785] 2026-04-04T12:39:12-07:00 seed=0x2ea35e04 ... PASS
[2786] 2026-04-04T12:39:32-07:00 seed=0x8849210e ... PASS
[2787] 2026-04-04T12:39:51-07:00 seed=0xdc5aad9b ... PASS
[2788] 2026-04-04T12:40:09-07:00 seed=0x4fa57c26 ... PASS
[2789] 2026-04-04T12:40:28-07:00 seed=0xd76432b3 ... PASS
[2790] 2026-04-04T12:40:46-07:00 seed=0xa88676ee ... PASS
[2791] 2026-04-04T12:41:05-07:00 seed=0x705b5206 ... PASS
[2792] 2026-04-04T12:41:22-07:00 seed=0xfc537223 ... PASS
[2793] 2026-04-04T12:41:40-07:00 seed=0x4cc86731 ... PASS
[2794] 2026-04-04T12:41:59-07:00 seed=0xd9b75c26 ... PASS
[2795] 2026-04-04T12:42:17-07:00 seed=0xe90ac357 ... PASS
[2796] 2026-04-04T12:42:35-07:00 seed=0x030d5196 ... PASS
[2797] 2026-04-04T12:42:53-07:00 seed=0x0727f06a ... PASS
[2798] 2026-04-04T12:43:13-07:00 seed=0xfddf39d4 ... PASS
[2799] 2026-04-04T12:43:32-07:00 seed=0x6e159d92 ... PASS
[2800] 2026-04-04T12:43:50-07:00 seed=0x389f7dea ... PASS
[2801] 2026-04-04T12:44:10-07:00 seed=0x846cf926 ... PASS
[2802] 2026-04-04T12:44:29-07:00 seed=0x79f71d27 ... PASS
[2803] 2026-04-04T12:44:47-07:00 seed=0x304ae666 ... PASS
[2804] 2026-04-04T12:45:05-07:00 seed=0x747c8fa9 ... PASS
[2805] 2026-04-04T12:45:23-07:00 seed=0x5edf098c ... PASS
[2806] 2026-04-04T12:45:44-07:00 seed=0x8f141f97 ... PASS
[2807] 2026-04-04T12:46:02-07:00 seed=0x0e8c6e82 ... PASS
[2808] 2026-04-04T12:46:20-07:00 seed=0xe057f38f ... PASS
[2809] 2026-04-04T12:46:38-07:00 seed=0x098a792f ... PASS
[2810] 2026-04-04T12:46:57-07:00 seed=0xaa1abea7 ... PASS
[2811] 2026-04-04T12:47:16-07:00 seed=0xef99287b ... PASS
[2812] 2026-04-04T12:47:33-07:00 seed=0x00d2acfe ... PASS
[2813] 2026-04-04T12:47:51-07:00 seed=0x3d028f02 ... PASS
[2814] 2026-04-04T12:48:09-07:00 seed=0x79d6e016 ... PASS
[2815] 2026-04-04T12:48:28-07:00 seed=0x616547c8 ... PASS
[2816] 2026-04-04T12:48:47-07:00 seed=0x18815acc ... PASS
[2817] 2026-04-04T12:49:04-07:00 seed=0x08b8f0a0 ... PASS
[2818] 2026-04-04T12:49:23-07:00 seed=0x9a290b11 ... PASS
[2819] 2026-04-04T12:49:41-07:00 seed=0x8ac56e60 ... PASS
[2820] 2026-04-04T12:49:59-07:00 seed=0x3e93f0ea ... PASS
[2821] 2026-04-04T12:50:17-07:00 seed=0x1658d0fb ... PASS
[2822] 2026-04-04T12:50:36-07:00 seed=0xfb7e2ac2 ... PASS
[2823] 2026-04-04T12:50:55-07:00 seed=0xba787175 ... PASS
[2824] 2026-04-04T12:51:12-07:00 seed=0x45abe1e9 ... PASS
[2825] 2026-04-04T12:51:30-07:00 seed=0x33575156 ... PASS
[2826] 2026-04-04T12:51:48-07:00 seed=0x8980aca8 ... PASS
[2827] 2026-04-04T12:52:07-07:00 seed=0xf99094d3 ... PASS
[2828] 2026-04-04T12:52:25-07:00 seed=0x8c538c0f ... PASS
[2829] 2026-04-04T12:52:43-07:00 seed=0xfac21317 ... PASS
[2830] 2026-04-04T12:53:02-07:00 seed=0xdd23dd32 ... PASS
[2831] 2026-04-04T12:53:22-07:00 seed=0x10c707dd ... PASS
[2832] 2026-04-04T12:53:40-07:00 seed=0x04e2414b ... PASS
[2833] 2026-04-04T12:53:58-07:00 seed=0x0922a23a ... PASS
[2834] 2026-04-04T12:54:16-07:00 seed=0x53906980 ... PASS
[2835] 2026-04-04T12:54:35-07:00 seed=0xe6550c5c ... PASS
[2836] 2026-04-04T12:54:53-07:00 seed=0xd45d0e88 ... PASS
[2837] 2026-04-04T12:55:11-07:00 seed=0xe9948f85 ... PASS
[2838] 2026-04-04T12:55:29-07:00 seed=0xb5c2c2a9 ... PASS
[2839] 2026-04-04T12:55:48-07:00 seed=0x1eb96021 ... PASS
[2840] 2026-04-04T12:56:07-07:00 seed=0x2b16a074 ... PASS
[2841] 2026-04-04T12:56:25-07:00 seed=0x5557dc8f ... PASS
[2842] 2026-04-04T12:56:44-07:00 seed=0x5221e85a ... PASS
[2843] 2026-04-04T12:57:01-07:00 seed=0x02a538a0 ... PASS
[2844] 2026-04-04T12:57:21-07:00 seed=0xbec68992 ... PASS
[2845] 2026-04-04T12:57:40-07:00 seed=0x4ef8bbcc ... PASS
[2846] 2026-04-04T12:57:58-07:00 seed=0xc3186d81 ... PASS
[2847] 2026-04-04T12:58:17-07:00 seed=0x564b52ec ... PASS
[2848] 2026-04-04T12:58:36-07:00 seed=0x16ec72bb ... PASS
[2849] 2026-04-04T12:58:55-07:00 seed=0xa75a3791 ... PASS
[2850] 2026-04-04T12:59:14-07:00 seed=0xa5432b13 ... PASS
[2851] 2026-04-04T12:59:32-07:00 seed=0x5e21dc06 ... PASS
[2852] 2026-04-04T12:59:51-07:00 seed=0x9c4a5029 ... PASS
[2853] 2026-04-04T13:00:10-07:00 seed=0xb9457b44 ... PASS
[2854] 2026-04-04T13:00:29-07:00 seed=0xdab0d295 ... PASS
[102] 2026-04-04T13:00:45-07:00 seed=0xa5996850 ... PASS
[2855] 2026-04-04T13:00:46-07:00 seed=0x8dc9e5dd ... PASS
[2856] 2026-04-04T13:01:06-07:00 seed=0x1c66ec37 ... PASS
[2857] 2026-04-04T13:01:25-07:00 seed=0xc61e214b ... PASS
[2858] 2026-04-04T13:01:43-07:00 seed=0x64cec52f ... PASS
[2859] 2026-04-04T13:02:01-07:00 seed=0x1263363d ... PASS
[2860] 2026-04-04T13:02:21-07:00 seed=0xb2bfd734 ... PASS
[2861] 2026-04-04T13:02:41-07:00 seed=0x3198a33d ... PASS
[2862] 2026-04-04T13:03:01-07:00 seed=0xb0cae2fc ... PASS
[2863] 2026-04-04T13:03:19-07:00 seed=0x4301b172 ... PASS
[2864] 2026-04-04T13:03:38-07:00 seed=0x0ba9a50f ... PASS
[2865] 2026-04-04T13:03:57-07:00 seed=0x93af806a ... PASS
[2866] 2026-04-04T13:04:15-07:00 seed=0xce0ad005 ... PASS
[2867] 2026-04-04T13:04:33-07:00 seed=0x46bc4715 ... PASS
[2868] 2026-04-04T13:04:52-07:00 seed=0x218b3048 ... PASS
[2869] 2026-04-04T13:05:13-07:00 seed=0xde1a3a6e ... PASS
[2870] 2026-04-04T13:05:32-07:00 seed=0x6208b82b ... PASS
[2871] 2026-04-04T13:05:54-07:00 seed=0x6107b9a5 ... PASS
[2872] 2026-04-04T13:06:19-07:00 seed=0xf4bffc79 ... PASS
[2873] 2026-04-04T13:06:45-07:00 seed=0xba26e10a ... PASS
[2874] 2026-04-04T13:07:07-07:00 seed=0x91e5edd6 ... PASS
[2875] 2026-04-04T13:07:29-07:00 seed=0x0002587e ... PASS
[2876] 2026-04-04T13:07:53-07:00 seed=0xd9ff256f ... PASS
[2877] 2026-04-04T13:08:15-07:00 seed=0xa3358fb7 ... PASS
[2878] 2026-04-04T13:08:35-07:00 seed=0x47261fb8 ... PASS
[2879] 2026-04-04T13:08:59-07:00 seed=0x36164ca4 ... PASS
[2880] 2026-04-04T13:09:23-07:00 seed=0x4e6e5e8d ... PASS
[2881] 2026-04-04T13:09:43-07:00 seed=0x115186f8 ... PASS
[2882] 2026-04-04T13:10:13-07:00 seed=0x24a6fffa ... PASS
[2883] 2026-04-04T13:10:40-07:00 seed=0x97d44df9 ... PASS
[2884] 2026-04-04T13:11:03-07:00 seed=0xa7f44727 ... PASS
[2885] 2026-04-04T13:11:23-07:00 seed=0xe49a4f58 ... PASS
[2886] 2026-04-04T13:11:44-07:00 seed=0xc94c8ab2 ... PASS
[2887] 2026-04-04T13:12:07-07:00 seed=0x730ae238 ... PASS
[2888] 2026-04-04T13:12:30-07:00 seed=0x01414c6d ... PASS
[2889] 2026-04-04T13:12:51-07:00 seed=0x0ecec5b3 ... PASS
[2890] 2026-04-04T13:13:11-07:00 seed=0x47aaf3e5 ... PASS
[2891] 2026-04-04T13:13:32-07:00 seed=0x6af99b54 ... PASS
[2892] 2026-04-04T13:13:52-07:00 seed=0x18ae5a8f ... PASS
[2893] 2026-04-04T13:14:10-07:00 seed=0xde147ca9 ... PASS
[2894] 2026-04-04T13:14:30-07:00 seed=0xd4985c7e ... PASS
[2895] 2026-04-04T13:14:50-07:00 seed=0xaa64943b ... PASS
[2896] 2026-04-04T13:15:09-07:00 seed=0x4d7ed2b0 ... PASS
[2897] 2026-04-04T13:15:28-07:00 seed=0x6186932e ... PASS
[2898] 2026-04-04T13:15:47-07:00 seed=0x3d1df4f2 ... PASS
[2899] 2026-04-04T13:16:08-07:00 seed=0xd302052c ... PASS
[2900] 2026-04-04T13:16:28-07:00 seed=0x3e734d66 ... PASS
[2901] 2026-04-04T13:16:47-07:00 seed=0x0198a4ab ... PASS
[2902] 2026-04-04T13:17:09-07:00 seed=0xc90d3596 ... PASS
[2903] 2026-04-04T13:17:31-07:00 seed=0x0dfacae4 ... PASS
[2904] 2026-04-04T13:17:51-07:00 seed=0xb57a6904 ... PASS
[2905] 2026-04-04T13:18:19-07:00 seed=0xe42d6eeb ... PASS
[2906] 2026-04-04T13:18:47-07:00 seed=0x6bcf2c5c ... PASS
[2907] 2026-04-04T13:19:12-07:00 seed=0x3099c0ac ... PASS
[2908] 2026-04-04T13:19:39-07:00 seed=0x37906ac7 ... PASS
[2909] 2026-04-04T13:20:01-07:00 seed=0xa6dfd885 ... PASS
[2910] 2026-04-04T13:20:21-07:00 seed=0xced3ccd5 ... PASS
[2911] 2026-04-04T13:20:42-07:00 seed=0x1944fdec ... PASS
[2912] 2026-04-04T13:21:05-07:00 seed=0xe40454ba ... PASS
[2913] 2026-04-04T13:21:29-07:00 seed=0x339eb0d7 ... PASS
[103] 2026-04-04T13:21:45-07:00 seed=0x5a7233d1 ... PASS
[2914] 2026-04-04T13:21:52-07:00 seed=0x9fbc050a ... PASS
[2915] 2026-04-04T13:22:11-07:00 seed=0xbf461bfc ... PASS
[2916] 2026-04-04T13:22:31-07:00 seed=0xd568e347 ... PASS
[2917] 2026-04-04T13:22:52-07:00 seed=0xfed3cf5f ... PASS
[2918] 2026-04-04T13:23:12-07:00 seed=0x75df7ecb ... PASS
[2919] 2026-04-04T13:23:34-07:00 seed=0xeb3a6458 ... PASS
[2920] 2026-04-04T13:23:57-07:00 seed=0xe5046705 ... PASS
[2921] 2026-04-04T13:24:18-07:00 seed=0x3384c886 ... PASS
[2922] 2026-04-04T13:24:38-07:00 seed=0x394a7330 ... PASS
[2923] 2026-04-04T13:25:00-07:00 seed=0x90bff36b ... PASS
[2924] 2026-04-04T13:25:22-07:00 seed=0x2f4904ce ... PASS
[2925] 2026-04-04T13:25:42-07:00 seed=0x58ec734c ... PASS
[2926] 2026-04-04T13:26:02-07:00 seed=0xc5647efb ... PASS
[2927] 2026-04-04T13:26:22-07:00 seed=0x44efd21a ... PASS
[2928] 2026-04-04T13:26:44-07:00 seed=0xb5dd3100 ... PASS
[2929] 2026-04-04T13:27:03-07:00 seed=0x5bac83dd ... PASS
[2930] 2026-04-04T13:27:23-07:00 seed=0x39de40b2 ... PASS
[2931] 2026-04-04T13:27:43-07:00 seed=0xc04b9d25 ... PASS
[2932] 2026-04-04T13:28:02-07:00 seed=0xa420f1a8 ... PASS
[2933] 2026-04-04T13:28:21-07:00 seed=0x5adcf53a ... PASS
[2934] 2026-04-04T13:28:39-07:00 seed=0x3973741f ... PASS
[2935] 2026-04-04T13:28:57-07:00 seed=0x8e8f4cfa ... PASS
[2936] 2026-04-04T13:29:16-07:00 seed=0xfad64538 ... PASS
[2937] 2026-04-04T13:29:34-07:00 seed=0xf65d8cae ... PASS
[2938] 2026-04-04T13:29:53-07:00 seed=0x2dc42f30 ... PASS
[2939] 2026-04-04T13:30:14-07:00 seed=0x98112ef6 ... PASS
[2940] 2026-04-04T13:30:35-07:00 seed=0xbb253690 ... PASS
[2941] 2026-04-04T13:30:55-07:00 seed=0x7ec6724e ... PASS
[2942] 2026-04-04T13:31:13-07:00 seed=0xcffa6ba5 ... PASS
[2943] 2026-04-04T13:31:31-07:00 seed=0x7c4289b3 ... PASS
[2944] 2026-04-04T13:31:50-07:00 seed=0xede752f7 ... PASS
[2945] 2026-04-04T13:32:08-07:00 seed=0x942b34ef ... PASS
[2946] 2026-04-04T13:32:27-07:00 seed=0xd82c6ca3 ... PASS
[2947] 2026-04-04T13:32:46-07:00 seed=0x29c11f7e ... PASS
[2948] 2026-04-04T13:33:05-07:00 seed=0x30c6deab ... PASS
[2949] 2026-04-04T13:33:25-07:00 seed=0xae29e516 ... PASS
[2950] 2026-04-04T13:33:46-07:00 seed=0x83379192 ... PASS
[2951] 2026-04-04T13:34:07-07:00 seed=0xa8b1df7f ... PASS
[2952] 2026-04-04T13:34:25-07:00 seed=0x707403f8 ... PASS
[2953] 2026-04-04T13:34:43-07:00 seed=0x4ea66688 ... PASS
[2954] 2026-04-04T13:35:01-07:00 seed=0x26795931 ... PASS
[2955] 2026-04-04T13:35:20-07:00 seed=0x13644ea7 ... PASS
[2956] 2026-04-04T13:35:38-07:00 seed=0xe59c74ae ... PASS
[2957] 2026-04-04T13:35:57-07:00 seed=0xba2f9cd1 ... PASS
[2958] 2026-04-04T13:36:17-07:00 seed=0xb58d0b8f ... PASS
[2959] 2026-04-04T13:36:37-07:00 seed=0x5778ef4b ... PASS
[2960] 2026-04-04T13:36:55-07:00 seed=0x00aafc2d ... PASS
[2961] 2026-04-04T13:37:14-07:00 seed=0xfdda643e ... PASS
[2962] 2026-04-04T13:37:32-07:00 seed=0x3899cfbd ... PASS
[2963] 2026-04-04T13:37:53-07:00 seed=0x0b8b9c8b ... PASS
[2964] 2026-04-04T13:38:13-07:00 seed=0xc5f4eac8 ... PASS
[2965] 2026-04-04T13:38:32-07:00 seed=0xdfde0c3e ... PASS
[2966] 2026-04-04T13:38:52-07:00 seed=0x536e376b ... PASS
[2967] 2026-04-04T13:39:13-07:00 seed=0x6f03de17 ... PASS
[2968] 2026-04-04T13:39:33-07:00 seed=0x4a276578 ... PASS
[2969] 2026-04-04T13:39:52-07:00 seed=0xe55d1f50 ... PASS
[2970] 2026-04-04T13:40:12-07:00 seed=0x43fa3d83 ... PASS
[2971] 2026-04-04T13:40:32-07:00 seed=0x8c1d353a ... PASS
[2972] 2026-04-04T13:40:51-07:00 seed=0xaff413e1 ... PASS
[2973] 2026-04-04T13:41:11-07:00 seed=0xea6b00a8 ... PASS
[2974] 2026-04-04T13:41:30-07:00 seed=0x71299337 ... PASS
[2975] 2026-04-04T13:41:50-07:00 seed=0x89713331 ... PASS
[2976] 2026-04-04T13:42:09-07:00 seed=0x66b26143 ... PASS
[2977] 2026-04-04T13:42:29-07:00 seed=0x86b0a53e ... PASS
[2978] 2026-04-04T13:42:49-07:00 seed=0x19761142 ... PASS
[2979] 2026-04-04T13:43:12-07:00 seed=0x28ac58d5 ... PASS
[2980] 2026-04-04T13:43:31-07:00 seed=0x8f377ed0 ... PASS
[2981] 2026-04-04T13:43:51-07:00 seed=0x19c31834 ... PASS
[2982] 2026-04-04T13:44:11-07:00 seed=0x0e92965d ... PASS
[2983] 2026-04-04T13:44:33-07:00 seed=0x2d9d39e9 ... PASS
[2984] 2026-04-04T13:44:54-07:00 seed=0x1780d42a ... PASS
[2985] 2026-04-04T13:45:15-07:00 seed=0xae8f2857 ... PASS
[2986] 2026-04-04T13:45:35-07:00 seed=0x3f913b5b ... PASS
[2987] 2026-04-04T13:45:54-07:00 seed=0x21fc5205 ... PASS
[2988] 2026-04-04T13:46:12-07:00 seed=0x5957516d ... PASS
[2989] 2026-04-04T13:46:32-07:00 seed=0x2d18af74 ... PASS
[2990] 2026-04-04T13:46:51-07:00 seed=0xfe859ee1 ... PASS
[2991] 2026-04-04T13:47:12-07:00 seed=0xe74b8221 ... PASS
[2992] 2026-04-04T13:47:29-07:00 seed=0x79eeb50e ... PASS
[2993] 2026-04-04T13:47:48-07:00 seed=0xccb917c0 ... PASS
[2994] 2026-04-04T13:48:06-07:00 seed=0xfd1d5b33 ... PASS
[2995] 2026-04-04T13:48:25-07:00 seed=0xe6b7f939 ... PASS
[2996] 2026-04-04T13:48:43-07:00 seed=0x09548849 ... PASS
[2997] 2026-04-04T13:49:02-07:00 seed=0x632f402b ... PASS
[104] 2026-04-04T13:49:20-07:00 seed=0x4264d5a3 ... PASS
[2998] 2026-04-04T13:49:23-07:00 seed=0x37b534c4 ... PASS
[2999] 2026-04-04T13:49:42-07:00 seed=0x76c4149f ... PASS
[3000] 2026-04-04T13:50:00-07:00 seed=0xedc59006 ... PASS
[3001] 2026-04-04T13:50:18-07:00 seed=0xea9b00f7 ... PASS
[3002] 2026-04-04T13:50:37-07:00 seed=0xc99d22a4 ... PASS
[3003] 2026-04-04T13:50:57-07:00 seed=0x6e5482f5 ... PASS
[3004] 2026-04-04T13:51:15-07:00 seed=0x89dd65b0 ... PASS
[3005] 2026-04-04T13:51:33-07:00 seed=0xe6b23640 ... PASS
[3006] 2026-04-04T13:51:53-07:00 seed=0xb1fcbb63 ... PASS
[3007] 2026-04-04T13:52:12-07:00 seed=0xa80f08ed ... PASS
[3008] 2026-04-04T13:52:31-07:00 seed=0xbf204cb6 ... PASS
[3009] 2026-04-04T13:52:51-07:00 seed=0x8dd10d78 ... PASS
[3010] 2026-04-04T13:53:11-07:00 seed=0x439128be ... PASS
[3011] 2026-04-04T13:53:31-07:00 seed=0x34bc1af3 ... PASS
[3012] 2026-04-04T13:53:52-07:00 seed=0xcb71599b ... PASS
[3013] 2026-04-04T13:54:12-07:00 seed=0xa028c6ea ... PASS
[3014] 2026-04-04T13:54:32-07:00 seed=0x20bb9869 ... PASS
[3015] 2026-04-04T13:54:50-07:00 seed=0xe05a312a ... PASS
[3016] 2026-04-04T13:55:10-07:00 seed=0xb49e4423 ... PASS
[3017] 2026-04-04T13:55:28-07:00 seed=0x8b4f7318 ... PASS
[3018] 2026-04-04T13:55:47-07:00 seed=0xfe5cf9a8 ... PASS
[3019] 2026-04-04T13:56:06-07:00 seed=0x64ddcd4e ... PASS
[3020] 2026-04-04T13:56:25-07:00 seed=0xf794026a ... PASS
[3021] 2026-04-04T13:56:44-07:00 seed=0x16050981 ... PASS
[3022] 2026-04-04T13:57:03-07:00 seed=0x28699db5 ... PASS
[3023] 2026-04-04T13:57:21-07:00 seed=0x8db121ab ... PASS
[3024] 2026-04-04T13:57:39-07:00 seed=0xdf53927f ... PASS
[3025] 2026-04-04T13:57:57-07:00 seed=0x75a1e01c ... PASS
[3026] 2026-04-04T13:58:16-07:00 seed=0x964a7a61 ... PASS
[3027] 2026-04-04T13:58:34-07:00 seed=0x57461366 ... PASS
[3028] 2026-04-04T13:58:53-07:00 seed=0x99796597 ... PASS
[3029] 2026-04-04T13:59:11-07:00 seed=0xe7615479 ... PASS
[105] 2026-04-04T13:59:31-07:00 seed=0x3aabe54f ... PASS
[3030] 2026-04-04T13:59:31-07:00 seed=0x4f1231a2 ... PASS
[3031] 2026-04-04T13:59:50-07:00 seed=0x1ee0b945 ... PASS
[3032] 2026-04-04T14:00:09-07:00 seed=0x2314970e ... PASS
[3033] 2026-04-04T14:00:28-07:00 seed=0x3e6beb68 ... PASS
[3034] 2026-04-04T14:00:49-07:00 seed=0xb3299439 ... PASS
[3035] 2026-04-04T14:01:08-07:00 seed=0x7f61ba05 ... PASS
[3036] 2026-04-04T14:01:27-07:00 seed=0x3b9356d9 ... PASS
[3037] 2026-04-04T14:01:46-07:00 seed=0xa03e54c4 ... PASS
[3038] 2026-04-04T14:02:06-07:00 seed=0x0fc2ff0e ... PASS
[3039] 2026-04-04T14:02:25-07:00 seed=0xa47c8e28 ... PASS
[3040] 2026-04-04T14:02:44-07:00 seed=0xd01b2378 ... PASS
[3041] 2026-04-04T14:03:02-07:00 seed=0xdc623754 ... PASS
[3042] 2026-04-04T14:03:21-07:00 seed=0x1b0395c2 ... PASS
[3043] 2026-04-04T14:03:41-07:00 seed=0x08754940 ... PASS
[3044] 2026-04-04T14:03:59-07:00 seed=0xce8e8fce ... PASS
[3045] 2026-04-04T14:04:18-07:00 seed=0x9e43fb5c ... PASS
[3046] 2026-04-04T14:04:36-07:00 seed=0xf286de12 ... PASS
[3047] 2026-04-04T14:04:55-07:00 seed=0x2825aea8 ... PASS
[3048] 2026-04-04T14:05:13-07:00 seed=0xc780e6ed ... PASS
[3049] 2026-04-04T14:05:31-07:00 seed=0x714b9ead ... PASS
[3050] 2026-04-04T14:05:50-07:00 seed=0xddfcee48 ... PASS
[3051] 2026-04-04T14:06:09-07:00 seed=0xfd35932c ... PASS
[3052] 2026-04-04T14:06:26-07:00 seed=0xa0c854e4 ... PASS
[3053] 2026-04-04T14:06:44-07:00 seed=0xf7f155cb ... PASS
[3054] 2026-04-04T14:07:03-07:00 seed=0xc30f8640 ... PASS
[3055] 2026-04-04T14:07:22-07:00 seed=0x5e7f1cb1 ... PASS
[3056] 2026-04-04T14:07:40-07:00 seed=0x45679d28 ... PASS
[3057] 2026-04-04T14:07:59-07:00 seed=0xffc00e97 ... PASS
[3058] 2026-04-04T14:08:18-07:00 seed=0x7b047892 ... PASS
[3059] 2026-04-04T14:08:38-07:00 seed=0xa4416e20 ... PASS
[3060] 2026-04-04T14:08:56-07:00 seed=0x5edf7c45 ... PASS
[3061] 2026-04-04T14:09:14-07:00 seed=0xd6dd6a97 ... PASS
[3062] 2026-04-04T14:09:33-07:00 seed=0x9c86ff42 ... PASS
[3063] 2026-04-04T14:09:53-07:00 seed=0xe9750b55 ... PASS
[3064] 2026-04-04T14:10:11-07:00 seed=0x1e97040b ... PASS
[3065] 2026-04-04T14:10:30-07:00 seed=0x58e3dd41 ... PASS
[3066] 2026-04-04T14:10:47-07:00 seed=0xc2b93d36 ... PASS
[3067] 2026-04-04T14:11:06-07:00 seed=0x62cc2e14 ... PASS
[3068] 2026-04-04T14:11:25-07:00 seed=0x1f38f5c4 ... PASS
[3069] 2026-04-04T14:11:43-07:00 seed=0xfc9d09d5 ... PASS
[3070] 2026-04-04T14:12:03-07:00 seed=0xfe1efb65 ... PASS
[3071] 2026-04-04T14:12:25-07:00 seed=0x8abcdb6a ... PASS
[106] 2026-04-04T14:12:43-07:00 seed=0x1a7595b0 ... PASS
[3072] 2026-04-04T14:12:48-07:00 seed=0x1cc23eb9 ... PASS
[3073] 2026-04-04T14:13:07-07:00 seed=0x9cda508b ... PASS
[3074] 2026-04-04T14:13:26-07:00 seed=0x7ec2efb7 ... PASS
[3075] 2026-04-04T14:13:44-07:00 seed=0xbd28b241 ... PASS
[3076] 2026-04-04T14:14:03-07:00 seed=0x6e4747e8 ... PASS
[3077] 2026-04-04T14:14:22-07:00 seed=0xca7669fc ... PASS
[3078] 2026-04-04T14:14:40-07:00 seed=0x6c2418f7 ... PASS
[3079] 2026-04-04T14:15:00-07:00 seed=0x0ef47ed0 ... PASS
[3080] 2026-04-04T14:15:21-07:00 seed=0xc88f70bb ... PASS
[3081] 2026-04-04T14:15:40-07:00 seed=0xfc7ae822 ... PASS
[3082] 2026-04-04T14:15:58-07:00 seed=0x088f14c3 ... PASS
[3083] 2026-04-04T14:16:16-07:00 seed=0xe8254a48 ... PASS
[3084] 2026-04-04T14:16:35-07:00 seed=0x3a1127ab ... PASS
[3085] 2026-04-04T14:16:54-07:00 seed=0xac30b3e0 ... PASS
[3086] 2026-04-04T14:17:12-07:00 seed=0x73941765 ... PASS
[3087] 2026-04-04T14:17:31-07:00 seed=0x564b73ad ... PASS
[3088] 2026-04-04T14:17:51-07:00 seed=0x3aeb2fdd ... PASS
[3089] 2026-04-04T14:18:11-07:00 seed=0x9c9c325a ... PASS
[3090] 2026-04-04T14:18:30-07:00 seed=0x370ae94e ... PASS
[3091] 2026-04-04T14:18:48-07:00 seed=0x73be1a10 ... PASS
[3092] 2026-04-04T14:19:08-07:00 seed=0x3d4dac5b ... PASS
[3093] 2026-04-04T14:19:26-07:00 seed=0xc9192ad7 ... PASS
[3094] 2026-04-04T14:19:44-07:00 seed=0x57eb0c1b ... PASS
[3095] 2026-04-04T14:20:02-07:00 seed=0x762b0472 ... PASS
[3096] 2026-04-04T14:20:20-07:00 seed=0xdaf3dc4c ... PASS
[3097] 2026-04-04T14:20:40-07:00 seed=0x41ef3257 ... PASS
[3098] 2026-04-04T14:20:58-07:00 seed=0x62585a62 ... PASS
[3099] 2026-04-04T14:21:17-07:00 seed=0x46048834 ... PASS
[3100] 2026-04-04T14:21:36-07:00 seed=0xec8acce0 ... PASS
[3101] 2026-04-04T14:21:55-07:00 seed=0x1490dd69 ... PASS
[3102] 2026-04-04T14:22:14-07:00 seed=0x3ef431ba ... PASS
[3103] 2026-04-04T14:22:33-07:00 seed=0xa6499372 ... PASS
[3104] 2026-04-04T14:22:53-07:00 seed=0x1ed93391 ... PASS
[3105] 2026-04-04T14:23:13-07:00 seed=0x60034cbd ... PASS
[3106] 2026-04-04T14:23:31-07:00 seed=0x40a653d9 ... PASS
[3107] 2026-04-04T14:23:49-07:00 seed=0xd27ec973 ... PASS
[3108] 2026-04-04T14:24:09-07:00 seed=0x3abf91a6 ... PASS
[3109] 2026-04-04T14:24:28-07:00 seed=0x577a769f ... PASS
[3110] 2026-04-04T14:24:47-07:00 seed=0x14dddea4 ... PASS
[3111] 2026-04-04T14:25:05-07:00 seed=0x28aec97d ... PASS
[3112] 2026-04-04T14:25:23-07:00 seed=0xb29601f2 ... PASS
[3113] 2026-04-04T14:25:42-07:00 seed=0x6c8c17b0 ... PASS
[3114] 2026-04-04T14:26:00-07:00 seed=0xb9903634 ... PASS
[3115] 2026-04-04T14:26:19-07:00 seed=0xfc520889 ... PASS
[3116] 2026-04-04T14:26:37-07:00 seed=0x853849d1 ... PASS
[3117] 2026-04-04T14:26:56-07:00 seed=0xcc2d36c6 ... PASS
[3118] 2026-04-04T14:27:15-07:00 seed=0xd52bde08 ... PASS
[3119] 2026-04-04T14:27:35-07:00 seed=0x02894b11 ... PASS
[3120] 2026-04-04T14:27:53-07:00 seed=0x303bd38b ... PASS
[3121] 2026-04-04T14:28:14-07:00 seed=0x4e198dc8 ... PASS
[3122] 2026-04-04T14:28:32-07:00 seed=0xb06756c5 ... PASS
[3123] 2026-04-04T14:28:52-07:00 seed=0x49b17c48 ... PASS
[3124] 2026-04-04T14:29:12-07:00 seed=0x3e7ba575 ... PASS
[3125] 2026-04-04T14:29:32-07:00 seed=0xe528f277 ... PASS
[3126] 2026-04-04T14:29:52-07:00 seed=0xb33b9d1e ... PASS
[3127] 2026-04-04T14:30:10-07:00 seed=0xe1c1d633 ... PASS
[3128] 2026-04-04T14:30:28-07:00 seed=0x952713ce ... PASS
[3129] 2026-04-04T14:30:46-07:00 seed=0xfdd88a88 ... PASS
[3130] 2026-04-04T14:31:08-07:00 seed=0xc565042d ... PASS
[3131] 2026-04-04T14:31:27-07:00 seed=0x420807a3 ... PASS
[3132] 2026-04-04T14:31:46-07:00 seed=0xe40a097e ... PASS
[3133] 2026-04-04T14:32:04-07:00 seed=0x4118a294 ... PASS
[3134] 2026-04-04T14:32:23-07:00 seed=0xa53f2598 ... PASS
[3135] 2026-04-04T14:32:41-07:00 seed=0x18c73058 ... PASS
[3136] 2026-04-04T14:33:00-07:00 seed=0xa8ccd41d ... PASS
[3137] 2026-04-04T14:33:19-07:00 seed=0x6b78a44b ... PASS
[3138] 2026-04-04T14:33:38-07:00 seed=0xfb873a28 ... PASS
[3139] 2026-04-04T14:33:56-07:00 seed=0x0aa5c0e3 ... PASS
[3140] 2026-04-04T14:34:14-07:00 seed=0x06e0f226 ... PASS
[3141] 2026-04-04T14:34:33-07:00 seed=0xdf574577 ... PASS
[3142] 2026-04-04T14:34:52-07:00 seed=0xf9d66bdc ... PASS
[3143] 2026-04-04T14:35:11-07:00 seed=0xce7e2d39 ... PASS
[3144] 2026-04-04T14:35:29-07:00 seed=0x9028f1ba ... PASS
[3145] 2026-04-04T14:35:48-07:00 seed=0x0d88249d ... PASS
[3146] 2026-04-04T14:36:07-07:00 seed=0x2dc163ac ... PASS
[3147] 2026-04-04T14:36:25-07:00 seed=0xd145c969 ... PASS
[3148] 2026-04-04T14:36:44-07:00 seed=0x39ec5944 ... PASS
[3149] 2026-04-04T14:37:04-07:00 seed=0x5750cb32 ... PASS
[3150] 2026-04-04T14:37:23-07:00 seed=0xc6be4dc6 ... PASS
[3151] 2026-04-04T14:37:41-07:00 seed=0x0d7ffa58 ... PASS
[3152] 2026-04-04T14:37:59-07:00 seed=0xc212bec0 ... PASS
[3153] 2026-04-04T14:38:17-07:00 seed=0x11e503bc ... PASS
[3154] 2026-04-04T14:38:37-07:00 seed=0xe4a073e9 ... PASS
[3155] 2026-04-04T14:38:56-07:00 seed=0x0a8a8c27 ... PASS
[3156] 2026-04-04T14:39:17-07:00 seed=0x24c9334d ... PASS
[3157] 2026-04-04T14:39:39-07:00 seed=0xe16323be ... PASS
[3158] 2026-04-04T14:39:59-07:00 seed=0x53c4aa02 ... PASS
[3159] 2026-04-04T14:40:17-07:00 seed=0xd07fb8cd ... PASS
[3160] 2026-04-04T14:40:36-07:00 seed=0x76617fea ... PASS
[3161] 2026-04-04T14:40:55-07:00 seed=0xa8299afa ... PASS
[3162] 2026-04-04T14:41:15-07:00 seed=0xc95a2898 ... PASS
[3163] 2026-04-04T14:41:34-07:00 seed=0xba405a31 ... PASS
[3164] 2026-04-04T14:41:52-07:00 seed=0x569a0f06 ... PASS
[3165] 2026-04-04T14:42:12-07:00 seed=0x24bc2b25 ... PASS
[3166] 2026-04-04T14:42:31-07:00 seed=0xbe073705 ... PASS
[3167] 2026-04-04T14:42:49-07:00 seed=0x3f710cf8 ... PASS
[3168] 2026-04-04T14:43:11-07:00 seed=0x9795ebfb ... PASS
[3169] 2026-04-04T14:43:30-07:00 seed=0xce22261e ... PASS
[3170] 2026-04-04T14:43:51-07:00 seed=0x43ad12d0 ... PASS
[3171] 2026-04-04T14:44:09-07:00 seed=0x1908c558 ... PASS
[3172] 2026-04-04T14:44:28-07:00 seed=0x8b56d09f ... PASS
[3173] 2026-04-04T14:44:46-07:00 seed=0x79db8c01 ... PASS
[3174] 2026-04-04T14:45:05-07:00 seed=0x52e3d484 ... PASS
[3175] 2026-04-04T14:45:23-07:00 seed=0x7dbbf0a0 ... PASS
[3176] 2026-04-04T14:45:42-07:00 seed=0xdffb56d1 ... PASS
[3177] 2026-04-04T14:46:00-07:00 seed=0xa09726c2 ... PASS
[3178] 2026-04-04T14:46:19-07:00 seed=0xd75a2d29 ... PASS
[3179] 2026-04-04T14:46:40-07:00 seed=0xe1e432c0 ... PASS
[3180] 2026-04-04T14:46:59-07:00 seed=0xfc702cb1 ... PASS
[3181] 2026-04-04T14:47:18-07:00 seed=0x8e1bb7c6 ... PASS
[3182] 2026-04-04T14:47:38-07:00 seed=0x2873045c ... PASS
[3183] 2026-04-04T14:47:56-07:00 seed=0x71f7cfdc ... PASS
[3184] 2026-04-04T14:48:15-07:00 seed=0xeda0c1c9 ... PASS
[3185] 2026-04-04T14:48:34-07:00 seed=0x509cc478 ... PASS
[3186] 2026-04-04T14:48:54-07:00 seed=0xd68686c3 ... PASS
[3187] 2026-04-04T14:49:12-07:00 seed=0xa139cc58 ... PASS
[3188] 2026-04-04T14:49:30-07:00 seed=0x934aa680 ... PASS
[3189] 2026-04-04T14:49:49-07:00 seed=0x5d5a0c74 ... PASS
[3190] 2026-04-04T14:50:08-07:00 seed=0x63c52a5a ... PASS
[3191] 2026-04-04T14:50:27-07:00 seed=0x00ed6ca4 ... PASS
[3192] 2026-04-04T14:50:45-07:00 seed=0x048be73c ... PASS
[3193] 2026-04-04T14:51:03-07:00 seed=0x158de846 ... PASS
[3194] 2026-04-04T14:51:22-07:00 seed=0xc3ddadbe ... PASS
[3195] 2026-04-04T14:51:41-07:00 seed=0x82b202bc ... PASS
[3196] 2026-04-04T14:51:59-07:00 seed=0xfaf54dce ... PASS
[3197] 2026-04-04T14:52:18-07:00 seed=0xcb65d814 ... PASS
[3198] 2026-04-04T14:52:36-07:00 seed=0xa5819414 ... PASS
[3199] 2026-04-04T14:52:55-07:00 seed=0x7ff101eb ... PASS
[3200] 2026-04-04T14:53:14-07:00 seed=0xb032bff1 ... PASS
[3201] 2026-04-04T14:53:33-07:00 seed=0x60fc684b ... PASS
[3202] 2026-04-04T14:53:51-07:00 seed=0xdfdd97dd ... PASS
[3203] 2026-04-04T14:54:09-07:00 seed=0x25775b4e ... PASS
[3204] 2026-04-04T14:54:28-07:00 seed=0xbe5f49de ... PASS
[3205] 2026-04-04T14:54:48-07:00 seed=0x794307eb ... PASS
[3206] 2026-04-04T14:55:07-07:00 seed=0xbfc2884a ... PASS
[3207] 2026-04-04T14:55:30-07:00 seed=0x63938a32 ... PASS
[3208] 2026-04-04T14:55:49-07:00 seed=0xa196f5b5 ... PASS
[3209] 2026-04-04T14:56:08-07:00 seed=0x5035b87f ... PASS
[3210] 2026-04-04T14:56:27-07:00 seed=0x0b58beab ... PASS
[3211] 2026-04-04T14:56:46-07:00 seed=0xc8fde44d ... PASS
[3212] 2026-04-04T14:57:06-07:00 seed=0xd968afd1 ... PASS
[3213] 2026-04-04T14:57:26-07:00 seed=0x9587c622 ... PASS
[3214] 2026-04-04T14:57:46-07:00 seed=0x631208ff ... PASS
[3215] 2026-04-04T14:58:05-07:00 seed=0x4355e57b ... PASS
[3216] 2026-04-04T14:58:24-07:00 seed=0x0dbd5b12 ... PASS
[3217] 2026-04-04T14:58:43-07:00 seed=0x4f7dd5ca ... PASS
[3218] 2026-04-04T14:59:02-07:00 seed=0xbf1d22b9 ... PASS
[3219] 2026-04-04T14:59:23-07:00 seed=0x4099ebea ... PASS
[3220] 2026-04-04T14:59:41-07:00 seed=0xb1367870 ... PASS
[3221] 2026-04-04T14:59:59-07:00 seed=0x024deec1 ... PASS
[3222] 2026-04-04T15:00:18-07:00 seed=0x25471a38 ... PASS
[3223] 2026-04-04T15:00:38-07:00 seed=0x765ffd95 ... PASS
[3224] 2026-04-04T15:00:57-07:00 seed=0xb0c01b10 ... PASS
[3225] 2026-04-04T15:01:16-07:00 seed=0xaae988b0 ... PASS
[107] 2026-04-04T15:01:32-07:00 seed=0x73c66a55 ... PASS
[3226] 2026-04-04T15:01:35-07:00 seed=0x77ae6164 ... PASS
[3227] 2026-04-04T15:02:00-07:00 seed=0xb3d7977d ... PASS
[3228] 2026-04-04T15:02:19-07:00 seed=0x1d8a598d ... PASS
[3229] 2026-04-04T15:02:41-07:00 seed=0xf95a8b0b ... PASS
[3230] 2026-04-04T15:03:05-07:00 seed=0x6b1e3e06 ... PASS
[3231] 2026-04-04T15:03:29-07:00 seed=0x98c1d601 ... PASS
[3232] 2026-04-04T15:03:49-07:00 seed=0xb4d30165 ... PASS
[3233] 2026-04-04T15:04:16-07:00 seed=0x409e65b6 ... PASS
[3234] 2026-04-04T15:04:39-07:00 seed=0xdff24a00 ... PASS
[3235] 2026-04-04T15:05:00-07:00 seed=0x09152681 ... PASS
[3236] 2026-04-04T15:05:19-07:00 seed=0xd2b14d9c ... PASS
[3237] 2026-04-04T15:05:39-07:00 seed=0xa53eac61 ... PASS
[3238] 2026-04-04T15:05:59-07:00 seed=0x4b1b98ee ... PASS
[3239] 2026-04-04T15:06:22-07:00 seed=0xbaee9f69 ... PASS
[3240] 2026-04-04T15:06:42-07:00 seed=0x16eb9eea ... PASS
[3241] 2026-04-04T15:07:01-07:00 seed=0x545c720a ... PASS
[3242] 2026-04-04T15:07:23-07:00 seed=0xd5c1adbf ... PASS
[3243] 2026-04-04T15:07:43-07:00 seed=0xf8a20813 ... PASS
[3244] 2026-04-04T15:08:02-07:00 seed=0xa3a5ec42 ... PASS
[3245] 2026-04-04T15:08:22-07:00 seed=0xf9822817 ... PASS
[3246] 2026-04-04T15:08:42-07:00 seed=0xca35773f ... PASS
[3247] 2026-04-04T15:09:06-07:00 seed=0xa963dd87 ... PASS
[3248] 2026-04-04T15:09:25-07:00 seed=0xccee546b ... PASS
[3249] 2026-04-04T15:09:45-07:00 seed=0x928930cc ... PASS
[3250] 2026-04-04T15:10:04-07:00 seed=0xe6f98ccb ... PASS
[3251] 2026-04-04T15:10:25-07:00 seed=0x44aba9fc ... PASS
[3252] 2026-04-04T15:10:43-07:00 seed=0x1144d4b9 ... PASS
[3253] 2026-04-04T15:11:02-07:00 seed=0x4b159e83 ... PASS
[3254] 2026-04-04T15:11:21-07:00 seed=0x97f5ba5a ... PASS
[3255] 2026-04-04T15:11:41-07:00 seed=0xb420f587 ... PASS
[3256] 2026-04-04T15:12:00-07:00 seed=0xf6f1e8b4 ... PASS
[3257] 2026-04-04T15:12:21-07:00 seed=0x57133030 ... PASS
[3258] 2026-04-04T15:12:42-07:00 seed=0xd3f5906b ... PASS
[3259] 2026-04-04T15:13:02-07:00 seed=0xbfce6320 ... PASS
[3260] 2026-04-04T15:13:21-07:00 seed=0x3c92ab5b ... PASS
[3261] 2026-04-04T15:13:39-07:00 seed=0x57213576 ... PASS
[3262] 2026-04-04T15:13:57-07:00 seed=0x9a10efe8 ... PASS
[3263] 2026-04-04T15:14:16-07:00 seed=0xfb59a896 ... PASS
[3264] 2026-04-04T15:14:35-07:00 seed=0x91ec9947 ... PASS
[3265] 2026-04-04T15:14:54-07:00 seed=0x6893278e ... PASS
[3266] 2026-04-04T15:15:13-07:00 seed=0x43581b1d ... PASS
[3267] 2026-04-04T15:15:33-07:00 seed=0xa2d7535b ... PASS
[3268] 2026-04-04T15:15:52-07:00 seed=0x02be9c2e ... PASS
[3269] 2026-04-04T15:16:11-07:00 seed=0x30eb5387 ... PASS
[3270] 2026-04-04T15:16:30-07:00 seed=0xd8238dbd ... PASS
[3271] 2026-04-04T15:16:50-07:00 seed=0xb5b8d561 ... PASS
[3272] 2026-04-04T15:17:08-07:00 seed=0xd5ec5a74 ... PASS
[3273] 2026-04-04T15:17:27-07:00 seed=0x2e5f4f83 ... PASS
[3274] 2026-04-04T15:17:46-07:00 seed=0x4c0c0f56 ... PASS
[3275] 2026-04-04T15:18:07-07:00 seed=0x27437a1d ... PASS
[3276] 2026-04-04T15:18:26-07:00 seed=0x2188511b ... PASS
[3277] 2026-04-04T15:18:46-07:00 seed=0x16b3f062 ... PASS
[3278] 2026-04-04T15:19:06-07:00 seed=0x39bb849a ... PASS
[3279] 2026-04-04T15:19:26-07:00 seed=0xc6e6a37e ... PASS
[3280] 2026-04-04T15:19:45-07:00 seed=0x7b63fa47 ... PASS
[3281] 2026-04-04T15:20:04-07:00 seed=0x674f208c ... PASS
[3282] 2026-04-04T15:20:23-07:00 seed=0x07d33df7 ... PASS
[3283] 2026-04-04T15:20:45-07:00 seed=0xdafae724 ... PASS
[3284] 2026-04-04T15:21:05-07:00 seed=0xa201df69 ... PASS
[3285] 2026-04-04T15:21:25-07:00 seed=0xebdba473 ... PASS
[3286] 2026-04-04T15:21:45-07:00 seed=0x02d9042a ... PASS
[3287] 2026-04-04T15:22:06-07:00 seed=0x1a7e1bca ... PASS
[3288] 2026-04-04T15:22:26-07:00 seed=0x09af268a ... PASS
[3289] 2026-04-04T15:22:46-07:00 seed=0x02a2dda5 ... PASS
[3290] 2026-04-04T15:23:07-07:00 seed=0xabe400ee ... PASS
[3291] 2026-04-04T15:23:27-07:00 seed=0xac981712 ... PASS
[3292] 2026-04-04T15:23:47-07:00 seed=0xdb3cf404 ... PASS
[3293] 2026-04-04T15:24:06-07:00 seed=0x3ae6a3ee ... PASS
[3294] 2026-04-04T15:24:25-07:00 seed=0xf0d92471 ... PASS
[3295] 2026-04-04T15:24:47-07:00 seed=0xd10fe24a ... PASS
[3296] 2026-04-04T15:25:09-07:00 seed=0x8b1c2c39 ... PASS
[3297] 2026-04-04T15:25:29-07:00 seed=0xa5c273d3 ... PASS
[3298] 2026-04-04T15:25:50-07:00 seed=0x9f6bd6a1 ... PASS
[108] 2026-04-04T15:26:07-07:00 seed=0x2f398bba ... PASS
[3299] 2026-04-04T15:26:17-07:00 seed=0x6edf8e78 ... PASS
[3300] 2026-04-04T15:26:41-07:00 seed=0x23b8a0c1 ... PASS
[3301] 2026-04-04T15:27:01-07:00 seed=0x48e9c860 ... PASS
[3302] 2026-04-04T15:27:22-07:00 seed=0x4ac5486d ... PASS
[3303] 2026-04-04T15:27:42-07:00 seed=0x26173e93 ... PASS
[3304] 2026-04-04T15:28:01-07:00 seed=0x007cf769 ... PASS
[3305] 2026-04-04T15:28:21-07:00 seed=0x44a9db61 ... PASS
[3306] 2026-04-04T15:28:42-07:00 seed=0x28a44010 ... PASS
[3307] 2026-04-04T15:29:02-07:00 seed=0xee00ea83 ... PASS
[3308] 2026-04-04T15:29:22-07:00 seed=0x3d61e6cf ... PASS
[3309] 2026-04-04T15:29:46-07:00 seed=0xd822eb13 ... PASS
[3310] 2026-04-04T15:30:10-07:00 seed=0x74957cf5 ... PASS
[3311] 2026-04-04T15:30:32-07:00 seed=0xee8d8a8c ... PASS
[3312] 2026-04-04T15:30:52-07:00 seed=0x22645f57 ... PASS
[3313] 2026-04-04T15:31:13-07:00 seed=0xf3a334c5 ... PASS
[3314] 2026-04-04T15:31:33-07:00 seed=0xf184c06e ... PASS
[3315] 2026-04-04T15:31:53-07:00 seed=0xb4f720a8 ... PASS
[3316] 2026-04-04T15:32:12-07:00 seed=0x620a1baa ... PASS
[3317] 2026-04-04T15:32:33-07:00 seed=0x4bd28fd7 ... PASS
[3318] 2026-04-04T15:32:55-07:00 seed=0x8f5544f5 ... PASS
[3319] 2026-04-04T15:33:18-07:00 seed=0x76061ac9 ... PASS
[3320] 2026-04-04T15:33:44-07:00 seed=0xcddb47d2 ... PASS
[3321] 2026-04-04T15:34:08-07:00 seed=0x4ee49966 ... PASS
[3322] 2026-04-04T15:34:34-07:00 seed=0x7788e2f1 ... PASS
[3323] 2026-04-04T15:34:56-07:00 seed=0x32f9965d ... PASS
[3324] 2026-04-04T15:35:17-07:00 seed=0xc3e92e7f ... PASS
[3325] 2026-04-04T15:35:38-07:00 seed=0x5f42c09a ... PASS
[3326] 2026-04-04T15:36:09-07:00 seed=0x8fed3e80 ... error: [QNT517] Rust evaluator was killed by signal: SIGTERM
error: Runtime error
FAIL (repro: --seed=0x2f398bba)
[109] 2026-04-04T15:36:12-07:00 seed=0x3677e2a6 ... PASS
[3327] 2026-04-04T15:36:34-07:00 seed=0x7797c6ca ... error: [QNT517] Rust evaluator was killed by signal: SIGTERM
error: Runtime error
FAIL (repro: --seed=0x3677e2a6)
[110] 2026-04-04T15:36:36-07:00 seed=0xc6d12ae3 ... Terminated
FAIL (trace ?, step ?, action ?)
[3328] 2026-04-04T15:36:46-07:00 seed=0x5f9902bd ... Terminated
FAIL (trace ?, step ?, action ?)
[3329] 2026-04-04T15:37:01-07:00 seed=0xa3c24958 ... ./scripts/mbt-fuzz.sh: line 75: 3579111 Killed                  QUINT_SEED="$SEED" MBT_TRACES="$TRACES" MBT_STEPS="$STEPS" npx vitest run -t "replays Quint" -- src/machine.mbt.test.ts 2>&1 > "$TMP"
FAIL (trace ?, step ?, action ?)
[3330] 2026-04-04T15:37:11-07:00 seed=0xd429e5dd ... PASS
[3331] 2026-04-04T15:37:33-07:00 seed=0xc7c1aca2 ... PASS
[3332] 2026-04-04T15:37:56-07:00 seed=0xff3d8851 ... ./scripts/mbt-fuzz.sh: line 75: 3583602 Killed                  QUINT_SEED="$SEED" MBT_TRACES="$TRACES" MBT_STEPS="$STEPS" npx vitest run -t "replays Quint" -- src/machine.mbt.test.ts 2>&1 > "$TMP"
FAIL (trace ?, step ?, action ?)
[3333] 2026-04-04T15:38:04-07:00 seed=0x26aaf02b ... 
⎯⎯⎯⎯⎯⎯ Failed Suites 1 ⎯⎯⎯⎯⎯⎯⎯

 FAIL  src/demo/fireball-battle.test.ts [ src/demo/fireball-battle.test.ts ]
Error: ENOMEM: not enough memory, open '/workspace/typescript/dnd/node_modules/.pnpm/effect@3.21.0/node_modules/effect/dist/esm/Number.js'
⎯⎯⎯⎯⎯⎯⎯⎯⎯⎯⎯⎯⎯⎯⎯⎯⎯⎯⎯⎯⎯⎯⎯⎯[1/1]⎯

FAIL (trace ?, step ?, action ?)
[3334] 2026-04-04T15:38:32-07:00 seed=0xcf19725f ... PASS
[3335] 2026-04-04T15:38:55-07:00 seed=0x748c8aa4 ... PASS
[3336] 2026-04-04T15:39:15-07:00 seed=0xcbed3045 ... ./scripts/mbt-fuzz.sh: line 75: 3589247 Killed                  QUINT_SEED="$SEED" MBT_TRACES="$TRACES" MBT_STEPS="$STEPS" npx vitest run -t "replays Quint" -- src/machine.mbt.test.ts 2>&1 > "$TMP"
FAIL (trace ?, step ?, action ?)
[3337] 2026-04-04T15:39:19-07:00 seed=0xb024ca91 ... PASS
[3338] 2026-04-04T15:39:47-07:00 seed=0xa926fe30 ... PASS
[3339] 2026-04-04T15:40:12-07:00 seed=0x8bf3bf51 ... PASS
[3340] 2026-04-04T15:40:39-07:00 seed=0x50bf4569 ... PASS
[3341] 2026-04-04T15:41:06-07:00 seed=0x5d1fef28 ... PASS
[3342] 2026-04-04T15:41:35-07:00 seed=0xf5b1104d ... 
⎯⎯⎯⎯⎯⎯ Failed Suites 1 ⎯⎯⎯⎯⎯⎯⎯

 FAIL  src/battle-scene/layout.test.ts [ src/battle-scene/layout.test.ts ]
Error: ENOMEM: not enough memory, open '/workspace/typescript/dnd/node_modules/.pnpm/effect@3.21.0/node_modules/effect/dist/esm/internal/hashSet.js'
⎯⎯⎯⎯⎯⎯⎯⎯⎯⎯⎯⎯⎯⎯⎯⎯⎯⎯⎯⎯⎯⎯⎯⎯[1/1]⎯

FAIL (trace ?, step ?, action ?)
[3343] 2026-04-04T15:42:04-07:00 seed=0x1ade5a33 ... PASS
[3344] 2026-04-04T15:42:34-07:00 seed=0x7731b444 ... PASS
[3345] 2026-04-04T15:43:00-07:00 seed=0x27de201c ... PASS
[3346] 2026-04-04T15:43:25-07:00 seed=0xaf3ffb3a ... PASS
[3347] 2026-04-04T15:43:50-07:00 seed=0x4e8b17da ... PASS
[3348] 2026-04-04T15:44:13-07:00 seed=0x4fe724cd ... PASS
[3349] 2026-04-04T15:44:39-07:00 seed=0x21caea16 ... PASS
[3350] 2026-04-04T15:45:07-07:00 seed=0x8d868170 ... PASS
[3351] 2026-04-04T15:45:35-07:00 seed=0x2dda04a3 ... ./scripts/mbt-fuzz.sh: line 75: 3611038 Killed                  QUINT_SEED="$SEED" MBT_TRACES="$TRACES" MBT_STEPS="$STEPS" npx vitest run -t "replays Quint" -- src/machine.mbt.test.ts 2>&1 > "$TMP"
FAIL (trace ?, step ?, action ?)
[3352] 2026-04-04T15:45:59-07:00 seed=0xafe8eed2 ... PASS
[3353] 2026-04-04T15:46:29-07:00 seed=0x9c508c9d ... PASS
[3354] 2026-04-04T15:46:58-07:00 seed=0x04ddbc8a ... PASS
[3355] 2026-04-04T15:47:27-07:00 seed=0xfd5c89bc ... PASS
[3356] 2026-04-04T15:47:52-07:00 seed=0x4e85a83c ... PASS
[3357] 2026-04-04T15:48:18-07:00 seed=0x32e5fb89 ... PASS
[3358] 2026-04-04T15:48:44-07:00 seed=0x25d83365 ... PASS
[3359] 2026-04-04T15:49:12-07:00 seed=0x937a5a9d ... PASS
[3360] 2026-04-04T15:49:40-07:00 seed=0x8bad0b8c ... PASS
[3361] 2026-04-04T15:50:07-07:00 seed=0x6f3b50ac ... PASS
[3362] 2026-04-04T15:50:34-07:00 seed=0x09f35051 ... PASS
[3363] 2026-04-04T15:50:59-07:00 seed=0xc5c22f13 ... PASS
[3364] 2026-04-04T15:51:27-07:00 seed=0x45173e53 ... PASS
[3365] 2026-04-04T15:51:55-07:00 seed=0x2eb2a80e ... PASS
[3366] 2026-04-04T15:52:28-07:00 seed=0x35681162 ... PASS
[3367] 2026-04-04T15:53:03-07:00 seed=0x9c0d2552 ... PASS
[3368] 2026-04-04T15:53:33-07:00 seed=0x3c8df829 ... error: [QNT517] Rust evaluator was killed by SIGKILL. This is often caused by:
  - Out of memory (OOM killer)
  - Container/cgroup memory limits
  - Manual kill -9
Check 'dmesg | grep -i kill' for OOM messages.
error: Runtime error
FAIL (repro: --seed=0xc6d12ae3)
[111] 2026-04-04T15:53:48-07:00 seed=0x16683803 ... ./scripts/mbt-fuzz.sh: line 75: 3636737 Killed                  QUINT_SEED="$SEED" MBT_TRACES="$TRACES" MBT_STEPS="$STEPS" npx vitest run -t "replays Quint" -- src/machine.mbt.test.ts 2>&1 > "$TMP"
FAIL (trace ?, step ?, action ?)
[3369] 2026-04-04T15:53:53-07:00 seed=0x4245542d ... PASS
[3370] 2026-04-04T15:54:19-07:00 seed=0xba363e81 ... ./scripts/fuzz-all.sh: line 45: 3107464 Killed                  ./scripts/mbt-fuzz.sh "$MAX_SEEDS"
error: [QNT517] Rust evaluator was killed by SIGKILL. This is often caused by:
  - Out of memory (OOM killer)
  - Container/cgroup memory limits
  - Manual kill -9
Check 'dmesg | grep -i kill' for OOM messages.
error: Runtime error
